carat,color,clarity,depth,table,price,x,y,z
0.22,E,VS2,65.1,61,337,3.87,3.78,2.49
0.86,E,SI2,55.1,69,2757,6.45,6.33,3.52
0.96,F,SI2,66.3,62,2759,6.27,5.95,4.07
0.7,F,VS2,64.5,57,2762,5.57,5.53,3.58
0.7,F,VS2,65.3,55,2762,5.63,5.58,3.66
0.91,H,SI2,64.4,57,2763,6.11,6.09,3.93
0.91,H,SI2,65.7,60,2763,6.03,5.99,3.95
0.98,H,SI2,67.9,60,2777,6.05,5.97,4.08
0.84,G,SI1,55.1,67,2782,6.39,6.2,3.47
1.01,E,I1,64.5,58,2788,6.29,6.21,4.03
1.05,J,SI2,65.8,59,2789,6.41,6.27,4.18
0.7,G,VVS1,58.8,66,2797,5.81,5.9,3.44
1.01,E,SI2,67.4,60,2797,6.19,6.05,4.13
0.76,G,VS1,59,70,2800,5.89,5.8,3.46
0.9,I,SI1,67.3,59,2804,5.93,5.84,3.96
0.57,E,VVS1,58.7,66,2805,5.34,5.43,3.16
0.74,F,VS2,61.1,68,2805,5.82,5.75,3.53
1,G,I1,66.4,59,2808,6.16,6.09,4.07
1.2,F,I1,64.6,56,2809,6.73,6.66,4.33
1,J,VS2,65.7,59,2811,6.14,6.07,4.01
0.99,I,SI2,68.1,56,2811,6.21,6.06,4.18
0.99,J,SI1,55,61,2812,6.72,6.67,3.68
0.9,J,VS2,65,56,2815,6.08,6.04,3.94
0.95,F,SI2,56,60,2815,6.62,6.53,3.68
0.96,E,SI2,53.1,63,2815,6.73,6.65,3.55
1,H,SI2,65.3,62,2818,6.34,6.12,4.08
0.9,H,SI2,65.8,54,2823,6.05,5.98,3.96
0.91,H,SI2,61.3,67,2825,6.24,6.19,3.81
0.9,G,SI2,65.3,59,2834,6.07,6,3.94
0.82,F,SI1,64.9,58,2838,5.83,5.79,3.77
0.95,G,SI1,66.7,56,2841,6.16,6.03,4.06
1.01,H,SI2,65.4,59,2846,6.3,6.26,4.11
0.75,D,SI2,64.6,57,2848,5.74,5.72,3.7
0.91,J,VS2,64.4,62,2854,6.06,6.03,3.89
0.91,J,VS2,65.4,60,2854,6.04,6,3.94
0.91,H,SI1,65.8,58,2854,6.04,6.01,3.96
0.98,E,SI2,53.3,67,2855,6.82,6.74,3.61
1.02,I,SI1,53,63,2856,6.84,6.77,3.66
1,G,SI2,67.8,61,2856,5.96,5.9,4.02
1,I,SI1,67.9,62,2856,6.19,6.03,4.15
1,H,SI2,66.1,56,2856,6.21,5.97,4.04
0.9,G,SI2,64.5,56,2858,6.06,6,3.89
0.71,D,VS2,56.9,65,2858,5.89,5.84,3.34
0.75,F,VS1,55.8,70,2859,6.09,5.98,3.37
0.62,F,IF,60.1,61,2861,5.53,5.56,3.33
1.01,E,SI2,67.6,57,2862,6.21,6.11,4.18
0.96,F,SI2,68.2,61,2867,6.07,5.88,4.1
1,H,SI1,65.5,62,2873,6.14,6.07,4
0.9,I,SI1,65.7,58,2873,6.03,6,3.95
0.9,I,SI1,65.3,61,2873,5.98,5.94,3.89
0.9,I,SI1,65.8,56,2873,6.01,5.96,3.94
1,H,SI2,67.7,60,2875,6.11,5.98,4.09
1,J,VS1,65.5,55,2875,6.3,6.25,4.11
1,I,SI1,66.3,61,2875,6.08,6.03,4.01
1,H,SI2,69.5,55,2875,6.17,6.1,4.26
0.72,F,VS1,56.9,69,2879,5.93,5.77,3.33
0.88,F,SI1,56.6,65,2882,6.39,6.32,3.6
0.9,H,SI2,65,61,2883,6.01,5.96,3.89
1.03,I,SI2,65.3,55,2884,6.32,6.27,4.11
0.8,E,SI1,56.3,63,2885,6.22,6.14,3.48
0.9,D,SI2,66.9,57,2885,6.02,5.9,3.99
1.19,H,I1,65.1,59,2892,6.62,6.55,4.29
0.71,E,VS2,64.6,59,2902,5.62,5.59,3.62
1,H,SI2,65.2,54,2912,6.3,6.22,4.08
1,I,SI1,66,56,2912,6.31,6.24,4.13
1,H,SI2,67,55,2912,6.25,6.12,4.16
0.9,I,VS2,64.1,66,2921,6.04,5.98,3.85
0.9,E,SI2,65,58,2930,6.08,6.04,3.94
1.17,I,I1,65.4,62,2935,6.68,6.57,4.33
0.75,E,VS2,56,67,2940,6.18,6.08,3.43
1.03,G,SI2,65.7,59,2942,6.3,6.24,4.12
1.01,G,SI2,67.1,59,2942,6.27,6.19,4.18
0.9,I,SI2,66.4,60,2948,5.92,5.86,3.91
1,E,SI2,65.8,58,2948,6.28,6.16,4.09
0.99,J,SI1,58,67,2949,6.57,6.5,3.79
0.98,F,SI2,61.6,66,2958,6.46,6.24,3.92
0.74,G,VVS2,65.2,58,2959,5.7,5.6,3.69
0.7,E,VS1,64.5,57,2964,5.59,5.55,3.59
0.9,F,SI2,65.7,59,2964,6.03,5.99,3.95
0.9,J,VS1,65.4,60,2964,6.02,5.93,3.91
1,G,SI1,65.7,54,2964,6.24,6.16,4.07
1.5,H,I1,65.6,54,2964,7.26,7.09,4.7
0.9,J,VS1,64.6,58,2964,6.12,6.06,3.93
1.13,H,I1,64.8,59,2968,6.52,6.42,4.19
0.91,F,SI1,64.9,57,2971,6.13,6.08,3.96
1,D,SI2,69.3,58,2974,5.96,5.87,4.1
0.9,E,SI2,65.8,59,2982,6.03,5.98,3.95
1.06,J,SI2,61,66,2992,6.54,6.35,3.93
1.01,G,SI1,65.1,57,2993,6.27,6.22,4.07
0.91,F,SI2,65.3,51,2996,6.05,5.98,3.93
1.01,J,VVS2,66,56,2998,6.29,6.22,4.13
0.85,G,VS1,57.7,67,2998,6.26,6.19,3.59
1.02,H,I1,61.5,60,2999,6.4,6.34,3.92
0.73,F,VS1,58.6,66,3002,5.92,5.88,3.46
1.01,D,SI2,64.6,56,3003,6.31,6.24,4.05
1.2,J,I1,64.9,59,3011,6.61,6.54,4.27
1.2,I,I1,62.2,66,3011,6.77,6.7,4.2
1.2,I,I1,66.2,55,3011,6.61,6.51,4.34
1,E,SI2,55.4,62,3011,6.63,6.59,3.66
0.9,H,SI1,65.6,57,3024,6.04,6.01,3.95
1.02,J,SI1,66.8,55,3027,6.25,6.18,4.15
1,G,SI2,64.9,57,3027,6.29,6.2,4.05
0.77,F,VS1,66.8,57,3031,5.66,5.76,3.82
0.92,I,VS2,64.4,58,3033,6.13,6.1,3.94
0.7,F,VS1,64.9,59,3039,5.56,5.59,3.62
0.73,D,VS1,66,54,3047,5.56,5.66,3.7
1.03,G,SI1,66.1,56,3052,6.26,6.2,4.12
1.01,I,SI2,66.1,58,3054,6.21,6.04,4.05
1.01,I,SI2,68.1,59,3054,6.14,6.11,4.17
0.82,H,SI1,64.9,58,3057,5.82,5.77,3.76
0.71,G,VVS1,62.8,57,3062,5.67,5.57,3.53
0.9,F,SI2,65.7,63,3062,6.01,5.96,3.93
0.9,I,VVS2,67,56,3074,5.91,5.83,3.93
0.71,D,VS2,64.7,58,3077,5.61,5.58,3.62
0.91,D,SI2,62.5,66,3079,6.08,6.01,3.78
1,J,VS1,66.6,57,3080,6.07,6.03,4.03
0.9,E,SI2,64.5,55,3084,6.12,6.03,3.92
0.9,E,SI2,65.8,58,3084,6.02,5.98,3.95
1.02,I,SI2,64.5,56,3084,6.28,6.25,4.04
0.9,G,SI2,55.9,62,3104,6.35,6.42,3.57
0.9,G,SI2,64.7,58,3104,5.94,6.03,3.87
0.9,H,SI2,65.6,58,3105,6.05,5.95,3.95
0.92,F,SI1,64.9,58,3117,6.1,6.04,3.94
1.16,H,SI2,68.2,55,3118,6.47,6.37,4.38
1.02,J,SI2,65,59,3119,6.34,6.24,4.08
0.91,E,SI2,64.5,60,3119,6.04,5.96,3.87
1,E,SI2,66.6,59,3136,6.07,6.01,4.02
1,E,SI2,67,53,3136,6.19,6.13,4.13
1,E,SI2,67,53,3136,6.19,6.13,4.13
1,G,SI2,64.6,67,3142,6.25,6.19,4.02
1,G,SI2,68.3,54,3142,6.21,6.12,4.2
0.9,G,SI1,65.4,57,3145,6.04,5.95,3.92
0.9,G,SI1,65.6,56,3145,6.1,6.03,3.98
0.9,G,SI1,65.4,59,3145,6.04,6,3.94
0.9,H,SI1,66.8,55,3145,5.98,5.9,3.97
1,F,SI2,65.5,56,3146,6.3,6.19,4.09
1.03,J,SI2,64.6,62,3149,6.3,6.21,4.06
0.95,J,SI1,58,66,3154,6.5,6.46,3.76
0.9,F,SI1,66,57,3160,6.06,6,3.98
1,H,SI2,63.7,54,3164,6.42,6.27,4.06
0.87,I,VS2,57.3,59,3166,6.29,6.44,3.65
1.01,H,SI2,64.5,54,3167,6.26,6.15,4
1.09,F,SI2,66.3,56,3170,6.47,6.39,4.27
0.84,F,VS2,65,57.2,3172,5.83,5.87,3.81
0.93,G,SI2,66.1,58.1,3172,6,6.04,3.98
1.01,G,SI2,68.5,63,3173,6.08,6,4.14
1,J,SI1,65.3,57,3175,6.33,6.12,4.08
1.5,H,I1,69.3,61,3175,6.99,6.81,4.78
0.91,H,SI1,64.4,60,3180,6.1,6.07,3.92
0.91,H,SI1,64.8,57,3180,6.12,6.07,3.95
0.9,E,SI2,57.5,68,3187,6.37,6.33,3.65
1.01,J,VS2,65.8,55,3190,6.29,6.24,4.12
1,H,SI2,64.4,57,3192,6.35,6.29,4.07
1.01,F,SI1,66.1,60,3197,6.15,6.13,4.06
1,J,SI2,56.3,64,3199,6.58,6.54,3.69
0.71,F,IF,58.7,62,3205,5.87,5.81,3.43
0.9,D,SI2,65.9,59,3205,6,5.95,3.94
0.9,D,SI2,66,58,3205,6,5.97,3.95
0.9,D,SI2,64.7,54,3205,6.1,6.04,3.93
0.9,D,SI2,65.7,60,3205,5.98,5.93,3.91
0.9,D,SI2,64.7,59,3205,6.09,5.99,3.91
0.91,F,SI2,64.9,56,3210,6.08,6.05,3.94
0.96,I,VS2,56.1,60,3215,6.62,6.58,3.7
0.9,H,VS2,65.5,57,3226,6.05,6.01,3.95
1.03,J,SI2,56.2,62,3246,6.73,6.69,3.77
0.9,I,VS2,65.4,60,3246,6.03,5.96,3.93
0.25,D,VS1,61.2,55,563,4.09,4.11,2.51
1,H,SI2,66.5,62,3248,6.19,6.1,4.09
0.9,G,SI1,65.2,59,3250,6.05,6.01,3.93
0.93,I,VS2,64.7,58,3258,6.09,6.06,3.93
1,I,VS2,65.7,58,3265,6.25,6.2,4.09
1,F,SI2,65.1,55,3265,6.26,6.23,4.07
1,F,SI2,65.1,55,3265,6.26,6.23,4.07
0.9,E,VS1,67.6,56,3276,5.94,5.9,4
0.91,H,SI1,65.3,62,3278,6.11,6.01,3.96
1.01,I,SI1,65.5,58,3280,6.28,6.24,4.1
0.9,H,SI1,61.4,61,3282,6.08,6.14,3.75
0.92,F,SI2,65.3,58,3282,6.08,6.04,3.96
0.92,F,SI2,65.1,58,3282,6.12,6.07,3.97
0.94,H,SI1,68.4,53,3285,6.05,5.97,4.11
0.9,I,VVS2,60.9,66,3288,6.1,6.12,3.72
1.02,I,SI2,66.2,57,3290,6.34,6.26,4.17
1.01,E,SI2,64.6,59,3294,6.22,6.18,4.01
0.7,D,VVS2,58.5,62,3296,5.72,5.81,3.37
0.96,G,SI1,69.7,59,3299,6.09,5.9,4.18
1.08,J,SI2,64.9,60,3302,6.46,6.32,4.15
1,D,SI2,64.8,60,3304,6.23,6.18,4.02
1,G,SI1,65.8,55,3304,6.22,6.19,4.08
0.81,G,VVS2,64.8,56.2,3323,5.82,5.98,3.82
0.92,F,SI1,66,57,3323,6.04,5.99,3.97
0.9,F,SI1,65.3,61,3326,6,5.95,3.9
0.9,E,SI1,65,61,3332,6.05,6.02,3.92
0.98,G,SI2,66.6,56,3332,6.12,6.02,4.04
0.99,I,SI1,60.7,66,3337,6.42,6.34,3.87
0.9,E,SI2,64.5,57,3342,6.13,6.09,3.94
1,I,SI2,65.8,58,3348,6.23,6.27,4.11
0.94,H,SI2,66,50.1,3353,6.13,6.17,4.06
0.93,G,SI1,64.4,57,3358,6.14,6.09,3.94
0.9,H,VS2,65.6,55,3375,6.01,5.97,3.93
0.9,D,SI1,66.4,59,3382,5.97,5.92,3.95
0.95,D,SI2,64.4,60,3384,6.06,6.02,3.89
0.9,H,SI1,65.4,56,3387,6.11,6.04,3.97
0.9,I,VS1,65.2,60,3387,6,5.96,3.9
1,F,SI1,68.7,55,3387,6.06,5.88,4.11
1.14,J,SI2,64.4,55,3403,6.56,6.54,4.22
0.92,E,SI1,65.6,57,3407,6.1,6.07,3.99
0.86,G,VS2,66.5,54.1,3418,5.89,5.97,3.94
1,J,VS2,65.3,61,3422,6.33,6.13,4.03
1,J,SI1,64.9,58,3427,6.29,6.23,4.06
0.9,F,SI1,65.1,56,3437,6.08,6.05,3.95
1,F,SI2,65.7,61,3443,6.13,6.11,4.02
1.09,J,VS2,64.6,58,3443,6.48,6.41,4.16
1.01,G,SI2,65.1,58,3461,6.29,6.21,4.07
1,H,SI2,66.1,59,3472,6.18,6.13,4.07
0.9,D,SI2,64.9,57,3473,6.03,5.98,3.9
0.9,D,SI2,64.5,61,3473,6.1,6,3.9
1.01,F,SI2,64.8,55,3477,6.37,6.26,4.1
1.01,H,SI1,64.4,59,3482,6.22,6.17,3.99
0.9,H,VS1,65.9,60,3500,5.99,5.96,3.94
1.52,H,I1,64.9,58,3504,7.18,7.13,4.65
0.9,E,SI1,65.5,59,3508,6.06,6.03,3.96
1,H,SI1,65.5,57,3511,6.26,6.21,4.08
1,H,SI1,65.5,57,3511,6.26,6.21,4.08
1.03,G,SI2,65.7,58,3530,6.32,6.26,4.13
1.03,I,SI2,65.2,56,3530,6.42,6.35,4.16
0.96,E,SI2,65.6,58,3533,6.11,6.15,4.02
0.92,H,SI2,64.5,60,3536,6.06,6.01,3.89
0.9,H,VS2,64.8,58,3538,6.07,6.03,3.92
0.9,H,VS2,64.6,55,3538,6.07,6,3.9
1.01,F,SI2,64.6,59,3540,6.19,6.25,4.2
1,G,SI2,64.7,58,3541,6.24,6.19,4.02
1.07,G,SI2,66.8,57,3545,6.34,6.26,4.21
1.01,H,SI1,66.4,57,3546,6.12,6.08,4.05
1.04,G,SI2,66.1,60,3564,6.32,6.23,4.15
1,E,SI2,65.1,59,3575,6.3,6.23,4.08
0.98,H,SI1,68.6,58,3583,6.18,6.04,4.19
1,I,SI1,64.8,59,3584,6.23,6.14,4.01
0.99,H,VS2,71.6,57,3593,5.94,5.8,4.2
1.01,F,SI2,60.1,66,3597,6.44,6.41,3.86
1.01,I,VS2,68.7,58,3597,6.14,6,4.19
1.01,F,SI2,67.3,62,3597,6.09,6.03,4.08
1.01,F,SI2,66.7,64,3597,6.14,6.05,4.06
0.9,F,SI2,64.6,56,3613,6.01,6.07,3.9
1.05,F,SI2,66,60,3615,6.3,6.22,4.13
1.03,H,SI1,65.1,57,3617,6.43,6.36,4.16
0.98,F,SI1,61.8,66,3622,6.38,6.27,3.91
0.9,G,SI1,64.5,57,3629,6.07,6.03,3.9
1,G,SI1,67.7,57,3631,6,6.15,4.11
1.06,G,SI2,65.3,62,3633,6.33,6.25,4.11
1.02,F,SI2,66.6,58,3633,6.21,6.14,4.11
1,D,SI2,65.2,56,3634,6.27,6.21,4.07
1,G,SI1,43,59,3634,6.32,6.27,3.97
1,H,SI2,65.1,58,3640,6.27,6.15,4.05
0.96,H,VS2,68.8,56,3658,6.11,5.98,4.16
1,F,SI1,66.7,57,3669,6.07,5.99,4.02
1.12,I,SI2,64.6,57,3669,6.5,6.47,4.19
1.01,G,SI1,66.1,56,3671,6.26,6.2,4.12
0.96,E,SI2,57.7,67,3674,6.49,6.46,3.73
1.01,H,VS1,67.1,59,3676,6.16,6.09,4.11
0.96,F,SI2,65.2,58,3688,6.14,6.12,3.99
0.9,D,SI1,64.8,59,3689,6.1,6.03,3.93
0.9,D,SI1,64.5,61,3689,6.05,6.01,3.89
1.23,E,I1,67.4,56,3692,6.76,6.56,4.49
1,E,SI1,66.5,55,3696,6.21,6.19,4.12
1.2,H,SI2,65.6,57,3696,6.73,6.57,4.36
0.9,H,VS2,64.7,58,3697,5.98,6.01,3.88
1,G,SI1,66.1,62,3700,6.1,6.03,4.01
0.9,H,VS2,64.6,54,3725,6.09,6.14,3.95
0.91,D,SI1,64.7,61,3730,6.06,5.99,3.9
0.91,D,SI1,65.2,57,3730,6.08,6.04,3.95
1.11,H,SI2,64.4,58,3730,6.55,6.5,4.2
1.01,H,VS2,65.2,56,3733,6.23,6.19,4.05
1.51,F,I1,67.8,59,3734,7.09,7,4.78
1.51,F,I1,67.5,56,3734,7.17,7.05,4.8
1,F,SI2,65.1,60,3740,6.19,6.1,4
0.9,E,SI1,64.9,56,3743,6.12,6.18,3.99
1.03,D,SI2,66.4,56,3743,6.31,6.19,4.15
1.52,I,I1,67.7,58,3745,7.07,7,4.76
1.03,H,SI2,66.3,57,3749,6.35,6.25,4.18
0.9,F,VS1,65.7,59,3750,5.96,5.92,3.9
0.9,F,VS2,65.7,57,3750,6.03,5.99,3.95
0.93,H,SI1,64.6,58,3750,6.13,6.07,3.94
0.9,D,SI1,65.7,65,3751,6.06,5.94,3.94
1.02,F,SI2,65.5,59,3754,6.27,6.24,4.1
0.86,G,VS1,64.6,58.8,3756,5.95,6.04,3.87
1,E,SI2,64.6,54,3763,6.33,6.27,4.07
1,I,VS1,65.3,55,3763,6.34,6.25,4.11
1,E,SI2,69,56,3763,6.01,5.94,4.12
1.22,G,SI2,64.7,61,3763,6.75,6.68,4.34
1.51,H,I1,65.6,61,3765,7.16,7,4.66
1.03,G,SI2,65.6,58,3765,6.3,6.26,4.12
1,D,SI2,65.6,66,3767,6.1,6.01,3.97
1,J,SI1,64.7,52,3780,6.35,6.3,4.09
1.04,D,SI2,65.8,58,3780,6.32,6.25,4.13
0.9,F,SI2,62.6,58,3787,6.01,6.06,3.78
1.02,G,SI2,65.3,58,3787,6.33,6.22,4.1
1.01,E,SI2,60,60,3801,6.48,6.38,3.86
1.01,I,VS1,64.9,56,3801,6.29,6.2,4.07
1.02,I,SI2,65.5,57,3802,6.19,6.24,4.07
0.9,G,VS1,65.7,58,3806,6.02,5.97,3.94
0.9,D,SI1,60.4,61,3812,6.24,6.22,3.76
0.73,E,VVS2,57.4,59,3813,5.99,5.95,3.43
1.05,D,SI2,65.4,59,3816,6.3,6.24,4.1
1.01,G,SI2,58.7,67,3816,6.52,6.56,3.84
1.01,G,SI2,59.8,66,3816,6.42,6.48,3.86
0.91,H,SI1,64.7,56,3816,6.1,6.07,3.94
1,H,VS2,64.8,55,3819,6.35,6.28,4.09
1,H,SI1,55.2,64,3830,6.69,6.64,3.68
1,G,SI1,68.2,60,3833,6.02,5.94,4.08
1.17,I,SI2,59.2,68,3833,6.91,6.84,4.07
1,G,SI1,68.9,56,3833,6.16,6.11,4.23
0.91,F,VS2,66.8,58,3837,5.95,5.97,3.98
1.01,F,SI2,65.2,57,3837,6.33,6.24,4.1
1.02,E,SI2,65.3,59,3838,6.28,6.22,4.08
0.9,D,SI2,64.6,59,3847,6.04,6.01,3.89
0.91,D,SI1,64.4,60,3855,6.08,6.04,3.9
1.01,G,SI2,64.7,58,3856,6.14,6.23,4
1.08,E,SI2,64.9,60,3861,6.43,6.39,4.16
1.21,H,SI1,69.6,55,3862,6.49,6.42,4.49
1.21,H,SI2,65.6,56,3862,6.69,6.59,4.36
1,F,SI2,65.5,54,3864,6.2,6.16,4.05
1.01,H,SI1,64.5,59,3869,6.27,6.23,4.03
1.01,H,SI1,65.3,61,3869,6.23,6.18,4.05
1.01,D,SI2,64.7,57,3871,6.31,6.27,4.07
0.9,E,VS2,65.2,61,3875,6.01,5.98,3.91
1.03,E,SI2,65.3,59,3876,6.3,6.25,4.1
1.26,H,SI2,64.9,60,3881,6.7,6.62,4.32
1.01,J,VS2,59.6,62,3886,6.54,6.49,3.88
1,E,SI2,56.9,63,3889,6.54,6.49,3.71
1.1,E,SI1,65.5,57,3891,6.45,6.37,4.2
1.03,I,SI1,57.4,61,3892,6.67,6.71,3.84
1.18,D,SI2,57,66,3899,6.96,6.91,3.98
1.01,E,SI2,57.9,57,3916,6.51,6.55,3.78
1,I,SI1,56.4,61,3920,6.58,6.55,3.7
0.51,F,VVS2,65.4,60,3920,4.98,4.9,3.23
0.92,H,VS1,56,60,3924,6.53,6.51,3.65
0.9,F,VS2,64.7,54,3931,6.09,6.03,3.92
0.9,D,VS2,57.5,66,3931,6.3,6.25,3.61
0.9,D,SI1,66.1,55,3945,5.98,5.92,3.93
1,I,VS1,64,49,3951,6.43,6.39,4.1
1,G,SI1,68.3,61,3965,6.02,5.93,4.08
1,G,SI1,65.2,62,3965,6.19,6.08,4.01
1,D,SI2,65,56,3965,6.27,6.23,4.06
1,D,SI2,66.5,59,3965,6.24,6.21,4.14
1.02,H,SI1,64.6,55,3972,6.33,6.28,4.07
1,F,SI2,59.3,66,3975,6.44,6.51,3.84
1.08,J,VS2,65.1,54,3980,6.47,6.44,4.2
1.21,J,SI2,64.6,59,3984,6.74,6.64,4.32
1.25,H,SI2,64.4,58,3990,6.82,6.71,4.36
1.01,E,SI2,56.8,66,3991,6.63,6.58,3.75
1.01,F,SI1,66.8,60,3991,6.21,6.13,4.12
0.9,F,VS2,58.9,67,3992,6.18,6.17,3.64
1.01,G,SI1,64.2,59,4004,6.31,6.28,4.04
1,E,SI2,57.3,62,4032,6.54,6.59,3.76
1,G,VS2,44,53,4032,6.31,6.24,4.12
1,F,SI2,59,67,4036,6.48,6.41,3.8
1.03,H,SI2,67,61,4038,6.25,6.17,4.16
0.74,D,VVS2,65.4,53,4040,5.73,5.71,3.74
1.01,H,VS1,66.1,55,4044,6.28,6.24,4.14
1.02,G,SI1,64.5,56,4044,6.3,6.23,4.04
1.2,G,SI2,65.5,59,4044,6.73,6.53,4.34
1.01,G,SI2,58.3,62,4047,6.46,6.5,3.78
0.94,F,SI1,56.8,67,4053,6.56,6.44,3.69
1.11,J,SI2,64.8,55.1,4056,6.44,6.55,4.21
0.9,E,VS2,65,55,4057,6.11,6.04,3.95
1.24,G,SI2,65.7,57,4058,6.72,6.68,4.4
0.97,F,SI1,56.4,66,4063,6.59,6.54,3.7
1.01,G,VS2,65.7,54,4072,6.32,6.28,4.14
1,E,SI2,64.6,60,4077,6.23,6.18,4.01
1.22,I,SI1,66.2,60,4099,6.61,6.56,4.36
0.31,E,SI1,56.9,66,579,4.53,4.47,2.56
1.01,G,SI1,66.9,56,4102,6.15,6.22,4.14
1.01,E,SI1,65.6,59,4106,6.22,6.18,4.07
0.91,D,VS2,65.7,56,4107,6.1,6.05,3.99
0.91,D,VS2,65.7,58,4107,6.04,5.99,3.95
1.13,H,SI2,64.4,58,4113,6.59,6.51,4.22
0.91,H,VVS1,56.5,67,4115,6.38,6.4,3.61
1.01,E,SI2,55.2,65,4118,6.78,6.67,3.71
1.01,E,SI2,64.7,55,4118,6.37,6.3,4.1
1.01,D,SI1,66.3,55,4118,6.22,6.17,4.11
1.13,J,SI1,64.9,55,4123,6.49,6.56,4.24
0.9,E,VS2,64.5,61,4125,6.07,6.03,3.9
1.01,F,SI2,58.2,61,4127,6.48,6.52,3.78
1.01,H,SI2,64.9,56,4129,6.33,6.25,4.08
1.32,H,I1,65.8,55,4140,6.87,6.83,4.51
1,E,SI1,66.3,62,4140,6.27,6.06,4.09
1.41,H,I1,64.7,58,4145,7.05,7,4.55
1.21,J,SI1,65,59,4147,6.64,6.57,4.29
1.21,J,SI1,65.3,60,4147,6.6,6.51,4.28
1,H,SI1,56.3,63,4150,6.63,6.61,3.73
1.36,J,SI2,67.8,55,4158,6.73,6.66,4.54
1,G,SI1,63.1,59,4163,6.32,6.27,3.97
1,H,VS2,66.8,63,4166,6.19,6.08,4.1
1.51,G,I1,65.6,54,4167,7.28,7.1,4.72
1.13,F,SI2,64.4,56,4176,6.58,6.52,4.22
1.01,E,SI1,64.7,59,4181,6.23,6.11,3.99
0.9,F,VS1,66.2,55,4183,6.11,5.97,4
1.01,H,SI1,64.6,55,4191,6.29,6.25,4.05
0.9,I,VVS1,63.5,57,4194,5.98,6.09,3.83
1.01,D,SI2,65.3,55,4205,6.33,6.19,4.09
1,E,SI1,58.1,63,4213,6.6,6.52,3.81
0.9,E,SI1,59.2,60,4220,6.17,6.22,3.67
1.16,H,SI2,66.3,57,4222,6.56,6.5,4.33
1.02,F,SI1,61.8,50,4227,6.59,6.51,4.05
0.9,F,VS2,64.4,53,4229,6.08,6.04,3.9
0.9,D,SI1,63.8,61,4252,6.07,5.99,3.85
1,E,SI2,65.2,56,4256,6.3,6.12,4.05
0.91,E,SI1,65,62,4256,6.09,6.04,3.94
1.01,H,SI1,65.3,57,4256,6.33,6.23,4.1
1,F,SI1,66.4,57,4256,6.21,6.14,4.1
1.01,I,VS1,64.9,58,4263,6.17,6.22,4.02
1,E,SI2,65.9,62,4265,6.09,6.02,3.99
1.09,I,SI1,56.4,62,4273,6.97,6.9,3.9
1.01,F,SI1,65.9,58,4276,6.16,6.1,4.04
1.01,F,SI1,67.2,60,4276,6.06,6,4.05
1.01,D,SI1,65.9,60,4276,6.32,6.18,4.12
1.29,G,I1,66,58,4277,6.82,6.75,4.48
0.9,D,VS2,57.4,65,4277,6.26,6.29,3.6
0.31,E,VS2,55.9,62,581,4.6,4.56,2.56
0.98,G,SI1,64.4,56,4281,6.33,6.24,4.03
1.05,I,VS1,58.9,66,4281,6.71,6.6,3.92
1.5,J,I1,68.8,57,4284,6.94,6.87,4.75
1,G,SI1,64.4,57,4295,6.32,6.28,4.06
1,G,SI1,66.2,58,4295,6.25,6.15,4.11
1.16,G,SI2,60.1,60,4307,6.9,6.72,4.09
0.9,G,VS2,65.8,61,4309,5.99,5.96,3.93
1,D,SI2,64.5,54,4312,6.34,6.28,4.07
1,H,VVS2,65.3,58,4312,6.25,6.18,4.06
1,H,VVS2,65.1,57,4312,6.27,6.23,4.07
1,G,SI1,64.7,60,4312,6.22,6.18,4.01
1,F,VS2,68.3,58,4312,5.98,5.95,4.08
1.01,F,SI2,65.3,59,4317,6.28,6.24,4.09
1.45,F,I1,64.8,67,4320,7.16,7,4.64
1,F,SI1,67.1,57,4328,6.06,6.1,4.08
1.03,I,VS1,57.6,58,4328,6.67,6.58,3.81
1.5,I,SI2,70.1,58,4328,6.96,6.85,4.84
1.01,H,VVS2,65,55,4355,6.31,6.27,4.09
1.5,I,I1,71.3,58,4368,6.85,6.81,4.87
1.2,I,SI1,66.2,59,4368,6.55,6.47,4.31
1.2,H,SI2,64.8,58,4368,6.61,6.56,4.27
1,H,VS1,65.4,61,4368,6.22,6.17,4.05
1,H,VS1,57.4,68,4368,6.52,6.47,3.73
0.51,F,VVS2,60.7,66,4368,5.21,5.11,3.13
1.24,F,SI2,64.9,60,4375,6.7,6.63,4.32
1.02,D,SI2,65.5,60,4381,6.27,6.24,4.1
1.02,H,SI2,59.6,57,4398,6.65,6.5,3.92
1.04,D,SI2,64.9,56,4398,6.39,6.34,4.13
1.02,D,SI1,70.6,57,4398,6.08,6.01,4.27
0.5,F,I1,69.8,55,584,4.89,4.8,3.38
1.04,F,SI1,66.9,62,4403,6.22,6.15,4.14
1.01,G,SI1,65.3,58,4417,6.14,6.2,4.03
1.35,I,SI2,66.5,57,4423,6.79,6.74,4.5
1.03,G,SI1,64.7,63,4424,6.36,6.31,4.1
1,E,SI1,65.1,61,4435,6.15,6.08,3.98
1,G,VS2,69.8,54,4435,6.03,5.94,4.18
0.91,D,VS2,65.1,63,4439,6.02,6,3.91
1.03,D,SI1,65.5,58,4441,6.18,6.13,4.03
1.02,H,VS1,71.8,56,4455,6.04,5.97,4.31
1,G,VS1,64.9,65,4455,6.31,6.18,4.05
0.3,E,VVS2,66.6,54,586,4.14,4.18,2.77
1.02,H,VS2,64.6,61,4462,6.32,6.24,4.06
1.02,F,SI1,65.1,56,4462,6.29,6.25,4.08
0.91,F,VS2,58,56,4474,6.34,6.41,3.7
1.01,E,SI1,65.1,61,4480,6.27,6.24,4.07
1.01,E,SI1,64.8,58,4480,6.34,6.29,4.09
1,E,VS2,66.4,51,4480,6.31,6.22,4.16
1.01,G,VS2,66.8,56,4480,6.15,6.09,4.09
0.92,E,SI1,66.8,55,4482,6.04,5.99,4.02
1.07,E,SI2,62.2,66,4496,6.57,6.48,4.06
1,E,SI2,65.2,59,4516,6.28,6.27,4.09
1,E,SI2,63,58,4516,6.35,6.26,3.97
1.01,E,VS2,66.6,55,4525,6.27,6.2,4.15
1,G,VVS2,66.9,55,4534,6.2,6.17,4.14
0.9,F,VS2,59.5,67,4536,6.29,6.24,3.73
1.01,D,SI2,64.6,62,4538,6.26,6.21,4.03
0.91,E,VS2,61.8,66,4550,6.11,6.09,3.77
1.26,I,SI2,64.8,57,4551,6.73,6.69,4.35
1.18,I,VS2,62,66,4553,6.75,6.63,4.16
1.07,F,SI1,60.6,66,4554,6.65,6.46,3.97
1.01,F,SI1,65.9,60,4561,6.25,6.17,4.09
1.04,E,SI2,67.5,56,4566,6.28,6.22,4.22
1.45,J,SI2,58.6,68,4570,7.45,7.33,4.34
1,F,SI1,64.8,58,4586,6.26,6.21,4.04
1.01,E,SI2,57.1,59,4600,6.65,6.69,3.81
1.16,G,SI1,65.9,55,4612,6.54,6.51,4.3
1.35,G,SI2,66,58,4627,6.89,6.81,4.52
1,G,VS1,63.1,63,4630,6.38,6.29,4
1.01,F,SI1,65.5,57,4634,6.12,6.22,4.04
1.21,G,SI1,64.5,56,4637,6.69,6.62,4.29
1.01,G,SI1,60.4,62,4646,6.31,6.34,3.82
1.52,H,I1,69.7,55,4648,6.92,6.89,4.81
1.52,H,I1,65.4,62,4648,7.1,7.02,4.62
1,F,VS2,68.4,58,4656,5.97,6.1,4.13
1,F,SI1,65.8,58,4657,6.23,6.15,4.07
1,H,SI1,67.6,59,4665,6.03,5.95,4.05
1,F,SI1,56.5,60,4679,6.62,6.66,3.75
1,F,SI1,56.9,63,4688,6.45,6.52,3.69
1.13,I,VS2,55.9,67,4695,7.05,6.94,3.9
1.33,F,I1,62,56,4698,7.05,7.01,4.36
1,D,SI1,66.3,58,4704,6.15,6.04,4.04
1.5,I,I1,66.1,57,4704,7.12,7.04,4.68
1.5,I,I1,69.7,56,4704,6.94,6.9,4.82
1.5,I,SI2,64.9,61,4704,7.14,7.09,4.62
1,D,SI1,64.9,59,4704,6.2,6.13,4
1,D,SI1,65.9,54,4704,6.24,6.2,4.1
1.22,F,SI2,65,56,4705,6.71,6.8,4.39
0.3,J,VS2,64.8,58,416,4.24,4.16,2.72
1.17,H,SI2,60,66,4717,6.86,6.78,4.09
1.1,D,SI2,64.6,54,4725,6.56,6.49,4.22
1.38,G,SI2,61.2,59,4730,7.19,7.13,4.38
1,F,VS2,66.7,57,4732,6.11,6.04,4.05
1,H,VS1,64.1,60,4732,6.3,6.22,4.01
1.26,D,SI2,64.5,59,4746,6.75,6.71,4.34
1.01,D,SI1,63.5,58,4751,6.35,6.25,4
1.01,H,VS2,64.5,60,4751,6.3,6.25,4.05
1.01,D,SI1,64.6,60,4751,6.12,6.08,3.94
1.01,D,SI1,66.9,54,4751,6.25,6.21,4.17
1.02,H,SI1,65.5,60,4758,6.29,6.22,4.1
0.91,D,VS2,64.5,55,4765,6.24,6.07,3.97
0.91,E,VS1,64.5,58,4770,6.14,6.1,3.95
0.29,D,VS2,64.7,62,592,4.14,4.11,2.67
0.3,F,VS1,61.7,66,593,4.25,4.31,2.64
1.08,E,SI1,53.8,63,4790,6.99,6.81,3.71
1.01,F,VS2,64.8,56,4791,6.3,6.25,4.07
1.01,F,VS2,64.8,56,4791,6.3,6.25,4.07
1.01,F,VS2,66.1,61,4791,6.1,6.04,4.01
0.9,D,SI1,64,63,4796,6.12,6.04,3.89
1,E,SI1,65.8,59,4798,6.07,6.15,4.02
1.02,D,SI1,66.4,60,4798,6.29,6.21,4.15
1,F,SI1,65.4,59,4798,6.27,6.2,4.08
1.29,F,SI2,64.4,57,4824,6.85,6.79,4.39
1,F,VS2,64.7,59,4829,6.22,6.15,4
1,G,VS2,66.1,61,4838,6.08,5.99,3.99
1.2,J,SI1,65.2,58,4838,6.67,6.58,4.32
1.01,E,SI1,65.3,59,4844,6.13,6.19,4.02
1,E,SI1,57.4,61,4844,6.53,6.63,3.78
1.03,D,SI1,64.4,61,4845,6.33,6.25,4.05
0.96,F,SI1,60.7,65,4849,6.43,6.28,3.86
1.64,G,I1,64.5,60,4849,7.44,7.35,4.76
1.01,E,SI1,69.5,55,4853,6,5.94,4.15
0.91,G,VS2,64.9,54,4860,6.04,6.08,3.93
1,H,VS2,64.8,62,4861,6.22,6.13,4
1.01,G,VS1,66.8,61,4864,6.15,6.06,4.08
1.11,E,SI2,64.7,61,4873,6.42,6.39,4.14
1.01,G,VS2,64.9,56,4887,6.27,6.21,4.05
1.01,G,VS2,64.4,58,4887,6.25,6.18,4
1,G,VS1,63.1,68,4892,6.32,6.17,3.94
1.47,H,I1,66.7,59,4898,6.98,6.94,4.64
1.18,F,SI2,55.9,64,4903,7.15,7.01,3.95
1.2,F,SI2,65.1,58,4915,6.62,6.56,4.29
1.2,H,SI2,64.8,60,4916,6.55,6.59,4.26
1.33,E,SI2,65,57,4916,6.93,6.89,4.49
1,F,SI1,62.6,59,4925,6.25,6.3,3.93
1.21,E,SI2,65.6,59,4926,6.62,6.56,4.32
1,G,VVS2,65.5,54,4928,6.3,6.22,4.1
1.02,H,SI1,56.9,58,4935,6.64,6.75,3.81
1.5,H,I1,65.7,58,4939,7.07,7.02,4.63
1.5,H,I1,66.6,54,4939,7.05,7.01,4.68
1.26,G,SI2,53.2,61,4966,7.44,7.36,3.94
1.01,E,VS2,64.8,59,4972,6.34,6.26,4.08
1,F,VS1,67,52,4984,6.12,6.08,4.09
1.5,H,SI2,66,64,5000,7.1,6.97,4.64
1,E,SI1,57.6,57,5027,6.56,6.52,3.77
1.21,F,SI2,65.3,53,5028,6.74,6.68,4.38
1.01,E,SI1,64.7,56,5034,6.34,6.27,4.08
1.5,I,I1,65.1,59,5040,7.12,6.96,4.58
1,F,SI1,61.3,62,5040,6.45,6.37,3.93
1.21,H,VS2,64.5,56,5041,6.7,6.66,4.31
1.01,H,VS1,61.4,66,5062,6.34,6.24,3.87
1.51,I,I1,65.7,61,5074,7.08,7.02,4.63
0.93,D,VS2,56.3,67,5078,6.52,6.45,3.65
1.83,J,I1,70,58,5083,7.34,7.28,5.12
1.09,H,SI1,64.4,60,5085,6.49,6.42,4.16
1.01,F,VS2,65.2,52,5090,6.31,6.29,4.11
1,D,SI1,67.3,57,5096,6.15,6.04,4.1
1.34,G,SI2,64.7,55,5106,7.03,6.97,4.53
1.01,D,SI1,66.2,56,5122,6.05,6.1,4.02
1.01,F,SI1,65,61,5131,6.29,6.23,4.07
1.33,F,SI2,64.5,58,5139,6.97,6.86,4.46
1.01,F,SI1,57.9,57,5144,6.53,6.57,3.79
1.01,D,SI1,64.4,61,5147,6.17,6.13,3.96
1,G,VS2,64.5,58,5161,6.26,6.2,4.02
1.08,H,VVS2,55.9,63,5171,6.9,6.8,3.83
1.11,H,SI1,65.7,61,5178,6.42,6.39,4.21
1.01,E,SI1,56.8,61,5185,6.59,6.62,3.75
1.05,F,SI1,64.6,57,5186,6.39,6.33,4.11
1.19,I,SI1,64.9,58,5198,6.64,6.55,4.28
1.24,H,SI2,65,54,5208,6.76,6.73,4.38
1,E,SI1,57.4,62,5212,6.54,6.59,3.77
1.01,F,VS2,64.5,58,5226,6.28,6.18,4.02
1.72,J,I1,68.5,59,5240,7.31,7.24,4.98
1,H,VS1,64.6,59,5242,6.3,6.26,4.06
1.02,F,SI1,64.8,59,5255,6.33,6.23,4.07
1.5,J,SI2,65.5,60,5268,7.07,7.03,4.62
1.5,H,I1,68.9,56,5292,7,6.9,4.79
1,F,SI1,64.8,59,5292,6.29,6.24,4.06
1.01,G,VS2,68.9,60,5294,6.06,6.02,4.17
0.3,F,SI1,64.6,56,599,4.27,4.25,2.75
1,D,SI1,65.5,60,5331,6.18,6.12,4.03
1.27,H,SI2,65.2,54,5334,6.78,6.71,4.41
1.02,E,VS2,66.6,57,5350,6.09,6.14,4.07
1,E,VS2,65,58,5376,6.21,6.16,4.02
1.01,D,SI1,66,57,5385,6.29,6.22,4.13
1.01,D,SI1,65,57,5385,6.3,6.22,4.07
2.14,J,I1,69.4,57,5405,7.74,7.7,5.36
1.16,H,SI1,65.8,58,5411,6.54,6.46,4.28
2.15,J,I1,65.5,57,5430,8.01,7.95,5.23
0.91,E,VVS2,63.1,55,5430,6.13,6,3.83
1.01,D,SI1,64.7,57,5430,6.33,6.25,4.07
1.2,F,SI2,63.4,60,5445,6.56,6.65,4.19
1,H,VS1,55.8,60,5460,6.66,6.61,3.7
1.5,D,I1,64.7,62,5460,7.19,7.04,4.6
1.01,G,VS2,66.6,55,5475,6.27,6.22,4.16
1,G,VS2,67.6,57,5484,6.2,6.13,4.17
1,G,VS2,63.7,55,5484,6.28,6.21,3.98
1.12,G,VS1,64.8,56,5487,6.48,6.52,4.21
1.3,J,SI1,66,57.1,5488,6.73,6.82,4.45
1.01,F,VS2,65.5,62,5501,6.19,6.23,4.07
1.46,G,SI2,64.6,54,5504,7.11,7.03,4.57
0.39,E,SI1,65.6,60,601,4.5,4.56,2.97
1.35,J,SI1,65.2,56,5524,6.9,7.02,4.54
1.52,G,SI2,64.9,59,5533,7.19,7.15,4.65
1.01,G,VS2,64.5,57,5538,6.26,6.2,4.02
0.9,E,VVS2,58.1,59,5551,6.21,6.26,3.62
1.96,F,I1,66.6,60,5554,7.59,7.56,5.04
2.22,J,I1,66.7,56,5607,8.04,8.02,5.36
1.7,D,I1,64.7,56,5617,7.46,7.37,4.8
1.19,H,SI1,64.4,58,5622,6.69,6.64,4.29
1.03,E,SI1,65.1,58,5624,6.35,6.24,4.1
1.35,H,VS2,64.5,58,5625,6.98,6.93,4.48
1.01,D,SI1,62.6,57,5628,6.14,6.22,3.87
1.04,G,VS1,64.9,58,5633,6.36,6.33,4.12
1.5,H,I1,65.5,58,5645,7.02,6.96,4.58
1.01,G,VS2,67.8,59,5666,6.07,6.02,4.1
2,I,I1,66,60,5667,7.78,7.74,5.1
1.05,G,VS2,65.5,57,5673,6.38,6.34,4.17
1.02,E,SI1,65.7,58,5681,6.23,6.31,4.12
2.01,I,I1,67.4,58,5696,7.71,7.64,5.17
2.01,I,I1,55.9,64,5696,8.48,8.39,4.71
1.46,H,SI2,56.3,60,5723,7.61,7.55,4.27
1,E,VS2,67,54,5729,6.23,6.18,4.16
2.27,J,I1,67.6,55,5733,8.05,8,5.43
1.51,I,I1,65.1,57,5750,7.16,7.12,4.65
1.13,H,SI1,65.3,59,5771,6.52,6.44,4.23
1.01,F,VS2,65.1,59,5784,6.17,6.21,4.03
1.01,D,VS2,59.1,68,5797,6.56,6.44,3.84
1.51,J,SI2,65.1,59,5801,7.13,7.09,4.63
1,F,VS1,65.3,56,5833,6.28,6.25,4.09
1,F,VS2,64.9,56,5840,6.26,6.31,4.08
1.5,J,VS2,64.5,59,5846,7.2,7.07,4.6
1,G,VS1,58.7,67,5853,6.47,6.45,3.79
1.81,J,I1,68,57,5859,7.43,7.39,5.04
1.01,E,VS2,65.3,59,5882,6.15,6.1,4
1,G,VS1,64.4,56,5908,6.31,6.26,4.05
2,H,I1,69.8,54,5914,7.6,7.56,5.29
1.65,J,SI1,61.6,66,5914,7.61,7.47,4.66
1.52,J,SI2,65.8,57,5916,7.18,7.11,4.7
1.51,H,SI2,66.9,57,5919,7.13,7.09,4.75
1.51,F,SI2,65.4,56,5919,7.2,7.08,4.67
1.01,G,VS2,65.1,56,5950,6.2,6.15,4.02
1.82,H,I1,67.3,58,5993,7.5,7.47,5.04
2.03,H,I1,64.4,59,6002,7.91,7.85,5.07
2.03,H,I1,66.6,57,6002,7.81,7.75,5.19
1.5,J,SI1,64.9,58,6006,7.09,7.03,4.58
1.73,H,SI2,65.9,58,6007,7.52,7.45,4.93
1.01,F,VS2,69,61,6041,6.06,5.99,4.16
1.32,I,SI1,64.8,58,6061,6.9,6.83,4.45
1.33,G,SI2,63,62,6078,6.9,6.87,4.34
1.01,D,VS2,65.2,57,6081,6.23,6.19,4.05
1.43,E,SI2,66,57,6086,7.02,7,4.63
1.47,F,SI2,65.9,59,6108,6.99,6.94,4.59
1,F,VS1,64.8,61,6115,6.26,6.21,4.04
1,F,VS1,65,59,6115,6.19,6.14,4.01
1.52,H,SI2,64.9,58,6129,7.16,7.13,4.64
1.96,I,I1,66.8,55,6147,7.62,7.6,5.08
1.51,I,SI2,66,57,6156,7.14,7,4.7
1.01,D,VS2,65.6,61,6176,6.21,6.16,4.06
1.5,I,SI2,68.1,59,6209,7.12,6.84,4.75
1,F,VS2,64.9,52,6210,6.24,6.33,4.08
1.32,E,SI2,65.2,58,6221,6.86,6.79,4.45
1.5,H,SI2,64.6,59,6250,7.2,7.11,4.62
1,E,VS2,57.4,58,6268,6.57,6.64,3.79
1.01,G,VS2,59.1,56,6271,6.55,6.52,3.86
1.01,F,VS2,61.1,60,6271,6.49,6.4,3.94
1.6,F,SI2,65,56,6272,7.35,7.26,4.8
1,E,VS2,57.3,64,6285,6.59,6.46,3.79
2.49,J,I1,66.3,58,6289,8.26,8.18,5.45
1.51,H,SI2,65.4,60,6291,7.06,6.96,4.6
1.51,H,SI2,64.5,59,6291,7.21,7.15,4.63
2.01,G,I1,70.2,57,6315,7.53,7.5,5.27
2.14,H,I1,66.4,56,6328,8,7.92,5.29
1.5,H,SI1,68,59,6340,7.12,6.82,4.76
2.02,G,I1,68,55,6346,7.77,7.72,5.27
2.02,G,I1,65.6,57,6346,7.87,7.8,5.15
1.01,G,VS1,64.6,60,6353,6.34,6.22,4.06
1.01,F,VS1,64.6,60,6366,6.26,6.16,4.01
1.01,D,VS2,65.3,58,6366,6.29,6.24,4.09
1.54,I,SI2,65,56,6375,7.22,7.14,4.67
2.03,G,I1,66.3,56,6377,7.81,7.75,5.16
1.14,G,VS1,57.5,67,6381,0,0,0
1.01,F,VS1,64.5,59,6391,6.27,6.19,4.02
1,F,VS1,65.3,59,6397,6.25,6.21,4.07
1.21,G,SI1,64.6,60,6397,6.69,6.62,4.3
1.49,H,I1,66.9,61,6425,6.93,6.89,4.62
1.45,F,SI2,64.4,58,6455,7.17,7.11,4.59
2.07,G,I1,67.7,56,6503,7.76,7.73,5.25
1.15,G,VS1,64.6,57,6530,6.6,6.5,4.23
2,F,I1,66.1,57,6532,7.84,7.7,5.14
1.5,G,SI2,68.5,66,6552,6.87,6.76,4.67
2.22,H,I1,70.1,55,6564,7.77,7.74,5.44
1.51,D,SI2,66.2,54,6596,7.19,7.08,4.72
2.1,G,I1,67.4,59,6597,7.82,7.76,5.24
2.1,G,I1,64.6,58,6597,8.05,8.01,5.19
1.91,H,SI2,64.6,56,6632,7.76,7.7,4.99
1.01,F,VS1,61.7,61,6651,6.6,6.49,4.04
2.25,H,I1,67.7,58,6653,8.01,7.97,5.41
1.53,J,VS2,64.7,58,6659,7.24,7.22,4.68
1.5,I,SI2,64.8,58,6717,7.05,7.15,4.6
1.43,I,VS1,50.8,60,6727,7.73,7.25,3.93
1.02,G,VVS2,64.6,59,6736,6.31,6.29,4.07
2.03,F,I1,65.6,56,6753,7.89,7.86,5.16
1.01,F,VS1,64.7,54,6759,6.33,6.28,4.08
2,J,I1,66.5,56,6796,7.93,7.8,5.23
1.17,E,VS2,64.5,56,6814,6.75,6.68,4.33
1.51,H,SI2,65.5,56,6816,7.18,7.13,4.69
2.17,G,I1,55.6,62,6817,8.75,8.69,4.8
1.5,H,SI1,65,57,6838,7.1,7.06,4.6
1.5,H,SI1,65,57,6838,7.1,7.06,4.6
2.32,H,I1,70.5,55,6860,7.93,7.9,5.58
1.02,F,VVS2,64.8,58,6863,6.22,6.28,4.05
2.72,J,I1,68.2,56,6870,8.46,8.43,5.76
1.83,H,I1,68,57,6887,7.47,7.44,5.07
1.52,I,SI2,64.7,58,6905,7.19,7.22,4.66
1.5,E,SI2,64.8,55,6922,7.26,7.15,4.67
1.51,J,SI1,63.4,60,6976,7.31,7.18,4.59
2.11,F,I1,67.6,57,7019,7.88,7.83,5.31
1.5,F,SI2,64.7,59,7056,7.13,7.05,4.59
1.5,F,SI2,65.3,57,7056,7.15,7.09,4.65
2.25,G,I1,64.9,58,7069,8.15,8.12,5.28
1.08,G,VS1,64.7,60,7076,6.44,6.41,4.16
1.59,I,SI2,65.2,58,7080,7.28,7.24,4.73
1,D,VS1,55.9,60,7083,6.77,6.71,4.38
1.16,F,VS1,57.8,67,7094,6.97,6.84,3.99
1.5,H,SI2,59.3,58,7098,7.31,7.37,4.35
2.27,G,I1,68.6,56,7131,7.99,7.94,5.47
0.5,F,I1,71,57,613,4.87,4.79,3.43
0.5,F,I1,68.4,54,613,4.94,4.82,3.35
1.51,J,VS1,65.2,56,7139,7.16,7.11,4.65
1.35,I,VS2,61.6,62,7182,7.15,7.1,4.39
1.52,J,VS1,65.4,58,7186,7.22,7.17,4.7
1.5,H,SI2,65.5,53,7187,7.14,7.11,4.67
1.51,H,VS2,65.6,56,7188,7.08,4.7,4
1.5,H,SI1,65.9,56,7211,7.11,7.04,4.66
1.42,G,VS2,59.6,66,7214,7.31,7.23,4.33
2.31,G,I1,67.4,56,7257,8.05,7.99,5.41
2,F,I1,64.9,57,7258,7.99,7.82,5.14
1.05,G,VS1,65.6,58,7283,6.25,6.38,4.13
1.24,D,SI1,55.6,67,7291,7.27,7.11,4
2.01,F,I1,58.7,66,7294,8.3,8.19,4.84
1.5,G,SI1,56.1,62,7300,7.6,7.52,4.24
1.52,I,VVS2,64.9,56,7303,7.28,7.21,4.7
1.58,H,SI1,64.7,58,7333,7.28,7.22,4.69
1.13,F,VS1,64.5,55,7335,6.62,6.56,4.25
1.44,H,VS1,58.1,69,7338,7.49,7.34,4.32
1.52,H,SI2,64.9,58,7388,7.23,7.19,4.68
1.52,H,SI2,65,57,7388,7.12,7.09,4.62
1,E,VS1,64.4,55,7392,6.33,6.3,4.07
1.52,H,SI1,64.6,55,7433,7.24,7.19,4.66
1.5,E,SI2,65.8,57,7459,7.17,7.11,4.7
1.51,E,SI1,67.2,53,7468,7.15,7.1,4.79
1.5,D,SI2,68.8,57,7469,6.9,6.86,4.73
0.31,F,SI1,64.7,56,618,4.28,4.25,2.76
1.5,H,VVS2,65.8,57,7476,7.19,7.15,4.72
1.51,H,SI1,55.8,61,7509,7.72,7.63,4.28
1.51,H,VS2,64.9,53,7534,7.28,7.24,4.71
1,E,VVS2,56.8,58,7553,6.59,6.64,3.76
1.5,E,SI2,69.6,62,7560,6.88,6.79,4.76
1.5,F,SI2,65.4,58,7644,7.17,7.1,4.67
1.12,D,VS2,58.9,59,7696,6.84,6.77,4.01
1.52,D,SI2,56.3,61,7702,7.7,7.62,4.31
1.54,I,SI2,64.6,56,7727,7.3,7.26,4.7
1.52,I,SI1,64.6,58,7746,7.24,7.21,4.68
1.5,J,VS1,60.1,61,7819,7.25,7.3,4.37
1.5,H,SI1,66.1,57,7832,7.06,6.98,4.64
1.54,F,SI2,64.4,60,7848,7.26,7.16,4.64
2.5,G,I1,64.7,57,7854,8.48,8.44,5.47
1.5,I,SI1,56.7,63,7912,7.52,7.57,4.28
1,E,VVS2,65.4,56,7918,6.28,6.2,4.08
1.43,E,SI1,65.1,56,7928,7.1,7.03,4.61
2.2,I,I1,66.3,56,7934,8.05,8,5.32
1.56,G,SI2,64.8,59,7950,7.38,7.19,4.72
1.56,I,SI1,64.6,62,7950,7.26,7.23,4.68
1.02,F,VVS1,64.6,59,7960,6.31,6.26,4.06
1.5,G,SI2,64.7,55,7972,7.16,7.13,4.62
1.52,H,SI1,65.3,58,8001,7.14,7.1,4.65
1.51,H,SI1,66.5,56,8010,7.03,6.99,4.66
2,I,SI2,66.8,55,8037,7.75,7.71,5.16
1.5,H,VS1,64.8,55,8044,7.25,7.2,4.68
3,H,I1,67.1,57,8044,8.93,8.84,5.97
2,H,I1,66.8,57,8064,7.81,7.72,5.19
1.57,H,VS1,67.3,66,8133,7.85,5.75,3.87
1.5,E,SI2,59.9,68,8190,7.39,7.3,4.4
1.4,F,VS2,66.5,56,8216,6.83,6.76,4.52
1.51,H,SI1,65.8,62,8260,7.1,7.06,4.66
1.72,D,SI2,64.6,58,8264,7.53,7.46,4.84
1.51,F,SI2,61.8,66,8287,7.18,7.16,4.43
1.51,I,VS2,64.6,58,8287,7.19,7.15,4.63
1.51,I,SI1,68.3,57,8355,6.95,6.87,4.72
1.81,J,SI1,56.2,62,8362,8.14,8.09,4.56
1.51,F,SI1,65.8,56,8387,7.16,7.12,4.7
1.01,E,VVS1,66.1,55,8529,6.19,6.1,4.06
1.9,H,SI2,67.1,64,8576,7.57,7.52,5.06
1.5,G,SI1,65.5,58,8627,7.16,7.12,4.68
1.6,D,SI2,64.7,58,8666,7.35,7.28,4.73
1.52,H,VS2,62.1,66,8674,7.33,7.13,4.5
1.51,G,SI1,65,59,8681,6.99,7.07,4.57
2.5,G,I1,65.1,59,8711,8.55,8.39,5.53
1.71,F,SI2,64.9,57,8714,7.51,7.41,4.84
1.01,D,VVS2,65.4,57,8716,6.2,6.16,4.04
2,I,SI2,69.1,56,8736,7.84,7.7,5.37
1.49,F,SI1,59.6,63,8779,7.2,7.34,4.33
1.51,G,VS2,56,65,8794,7.68,7.57,4.27
1.51,G,SI2,65.5,55,8794,7.14,7.08,4.66
1.71,I,SI2,65.1,60,8800,7.5,7.46,4.87
2.74,J,I1,64.9,61,8807,8.76,8.66,5.65
1.52,H,SI1,61.2,60,8818,7.39,7.29,4.49
1.51,E,SI1,65.3,62,8869,7.16,7.09,4.65
1.51,I,VS2,64.8,60,8879,7.18,7.1,4.63
1.52,F,SI2,56.3,64,8938,7.68,7.62,4.31
1.64,E,SI2,63.1,60,8954,7.58,7.5,4.75
1.53,I,VS2,57.7,69,8996,7.6,7.51,4.36
1.55,H,SI2,64.6,58,9045,7.28,7.21,4.68
2.02,J,SI2,67.5,59,9095,7.76,7.65,5.2
1.51,I,VS2,58.8,62,9116,7.57,7.51,4.43
1.51,D,SI1,64.1,60,9293,7.18,7.11,4.58
1.76,J,VS1,56.9,66,9314,8.09,7.94,4.56
1.51,H,SI1,65.4,59,9386,7.17,7.11,4.67
1.51,H,VS2,65,64,9452,7.1,7.03,4.59
2,H,SI2,68.7,55,9549,7.9,7.67,5.35
1.51,D,SI2,64.7,57,9555,7.17,7.24,4.66
2,I,SI2,65,57,9610,8.01,7.96,5.19
1.51,H,VS2,57.4,61,9678,7.49,7.63,4.34
1.7,H,SI2,64.5,55,9682,7.58,7.52,4.87
1.52,D,SI1,64.6,64,9704,7.18,7.16,4.63
0.5,F,I1,67.1,57,627,4.92,4.87,3.28
0.5,F,I1,68.3,58,627,4.91,4.78,3.32
2.04,I,SI2,66.6,56,9802,7.8,7.77,5.19
3.11,J,I1,65.9,57,9823,9.15,9.02,5.98
2.02,J,SI2,64.6,55,9853,7.93,7.84,5.09
1.7,F,SI2,64.5,57,9996,7.55,7.51,4.86
1.01,D,SI2,64.6,58,10011,6.25,6.2,4.02
2.52,G,I1,66.9,57,10076,8.39,8.33,5.6
1.5,E,SI2,66.3,60,10080,7.09,7.02,4.68
2.01,H,SI2,64.9,56,10184,7.88,7.81,5.09
2.01,H,SI2,64.9,56,10184,7.88,7.81,5.09
1.5,H,VS2,65.2,58,10206,7.12,7.06,4.62
1.55,F,SI1,59.7,66,10217,7.59,7.47,4.49
1.5,G,SI1,64.5,57,10352,7.15,7.09,4.59
1.5,D,SI1,65.1,59,10374,7.1,7.01,4.59
0.31,G,VVS2,65.5,58,629,4.25,4.24,2.78
1.5,F,SI1,64.3,58,10450,7.04,7.09,4.54
2,I,SI2,65.2,59,10483,7.74,7.69,5.03
2,I,SI2,67.7,57,10483,7.88,7.64,5.26
1.51,G,VS2,58.1,67,10553,7.59,7.49,4.38
1,D,VVS2,61.1,57,10562,6.37,6.3,3.87
3.02,I,I1,65.2,56,10577,9.11,9.02,5.91
1.52,G,VS2,55.2,66,10623,7.72,7.67,4.26
1.5,G,VS2,66.2,53,10644,7.12,7.08,4.7
2.01,I,SI2,66.5,61,10671,7.81,7.75,5.17
2.01,I,SI2,66.9,58,10711,7.93,7.69,5.21
0.3,E,SI1,64.5,49,630,4.28,4.25,2.75
1,D,VVS1,56.7,68,10752,6.66,6.64,3.77
2,H,SI2,65.3,55,10752,7.88,7.79,5.12
3.01,H,I1,56.1,62,10761,9.54,9.38,5.31
2.01,H,SI2,65.3,56,10772,7.95,7.86,5.16
2.01,H,SI2,66.7,56,10772,7.8,7.76,5.19
2,I,SI2,65.9,57,10833,7.96,7.79,5.19
2.01,G,SI2,65.9,57,10887,7.85,7.78,5.15
2.01,G,SI2,65.9,57,10887,7.85,7.78,5.15
2,H,SI2,67.9,55,10913,7.67,7.58,5.18
1.54,F,SI1,65.8,56,10954,7.22,7.18,4.74
1.5,H,VS1,61.7,60,11007,7.37,7.27,4.52
0.3,E,VS2,66.7,59,630,4.23,4.05,2.78
1.51,E,SI1,58.4,70,11102,7.55,7.39,4.36
1.5,E,SI1,58.2,66,11128,7.45,7.4,4.32
1.5,F,SI1,64.6,60,11154,7.18,7.1,4.61
2,G,SI2,65.1,54,11156,7.88,7.82,5.11
2.01,E,SI2,65.5,56,11156,7.84,7.79,5.12
2,J,SI1,66.4,55,11189,7.82,7.67,5.15
2,H,SI2,55.3,65,11202,8.42,8.35,4.64
2.01,J,SI1,64.4,61,11212,7.74,7.78,5
1.51,H,VS1,58,67,11263,7.63,7.57,4.41
2,I,VS1,58.5,68,11322,8.26,8.15,4.8
2,G,SI2,65.1,57,11355,7.84,7.78,5.09
1.5,E,SI1,56.2,58,11489,7.71,7.6,4.3
2,H,SI2,65.2,55,11600,7.9,7.85,5.13
2,H,SI2,64.5,56,11655,7.93,7.86,5.09
3.65,H,I1,67.1,53,11668,9.53,9.48,6.38
1.51,G,VS1,64.9,55,11739,7.25,7.14,4.67
2.1,G,SI2,65,56,11923,8.09,7.98,5.21
2,G,SI1,65.5,58,11935,7.82,7.73,5.09
2.1,G,SI2,61.4,66,11946,8.26,8.19,5.05
2,J,VS2,65.4,58,11966,7.96,7.75,5.14
1.91,I,VS1,59.5,68,12244,8.1,7.91,4.78
2.01,G,SI2,56.2,63,12450,8.28,8.23,4.64
2.04,E,SI2,67.4,56,12454,7.8,7.76,5.24
2.58,F,SI2,65.2,59,12500,8.58,8.51,5.57
2.22,G,SI2,64.4,58,12508,8.32,8.15,5.3
2,H,SI2,65.9,58,12554,7.84,7.8,5.15
1.54,E,SI1,64.7,56,12581,7.28,7.22,4.69
2.02,I,SI2,64.5,60,12592,7.94,7.82,5.08
1.5,D,VS2,65.4,53,12606,7.12,7.1,4.65
2,F,SI2,59.8,68,12610,8.13,7.95,4.81
2.01,H,SI2,65.9,57,12617,7.8,7.74,5.12
0.32,F,SI1,64.4,54,638,4.36,4.33,2.8
2.11,G,SI2,65,56,12633,8.06,8.01,5.22
1.32,F,VVS1,58,66,12648,7.31,7.28,4.23
2,H,VS2,65.2,56,12765,7.92,7.87,5.15
1.5,G,VS2,64.4,56,12787,7.16,7.09,4.59
2.04,E,SI2,65.4,55,12799,7.87,7.93,5.17
2.29,J,SI1,56.8,66,12811,8.79,8.69,4.96
1.51,E,VS2,65,58,12829,7.06,7.12,4.61
2,I,VS1,66.3,54,12907,7.98,7.88,5.26
1.98,H,VS1,58.3,69,12923,8.28,8.17,4.8
1.51,G,VS1,60.8,66,12948,7.35,7.25,4.44
2.1,G,SI2,65.2,56,13007,7.97,7.93,5.19
2.07,D,SI2,64.5,60,13016,7.99,7.88,5.12
2.5,H,SI2,64.9,58,13278,8.46,8.43,5.48
2.5,H,SI2,64.9,58,13278,8.46,8.43,5.48
2.13,H,SI2,64.5,58,13370,8.09,8.01,5.19
2.01,F,SI1,58.6,95,13387,8.32,8.31,4.87
2.02,J,VS1,64.6,59,13399,7.95,7.9,5.12
2,H,SI1,65.1,59,13442,7.83,7.77,5.08
2.02,H,SI1,66.3,57,13502,7.71,7.79,5.14
1.5,G,VVS2,64.8,56,13553,7.18,7.12,4.63
0.3,E,VS1,56.3,62,640,4.47,4.49,2.52
2.01,H,SI2,65.8,63,13587,7.77,7.68,5.08
2.01,H,SI2,61.2,66,13587,8.21,8.09,4.98
1.72,F,SI1,64.8,58,13622,7.5,7.46,4.85
2.29,J,VS2,57,66,13701,8.8,8.6,4.98
2.01,G,SI2,65,60,13721,7.8,7.73,5.05
2.01,J,VS2,64.9,60,13744,7.82,7.78,5.06
2,I,SI1,65.9,60,13764,7.8,7.73,5.12
2,H,SI1,61.2,50,13764,8.17,8.08,4.97
2.14,F,SI2,64.8,60,13825,8.11,8,5.22
2.52,H,SI2,65.4,59,13846,8.49,8.42,5.53
1.5,F,VS2,65.3,57,13853,7.15,7.12,4.66
2.02,H,SI2,56.5,61,14080,8.33,8.37,4.72
2.5,G,SI2,67,57,14194,8.36,8.29,5.58
2,H,VS1,66,56,14199,7.79,7.72,5.12
2,G,SI2,66.5,56,14208,7.75,7.7,5.14
2.01,J,VS1,66.6,54,14402,7.76,7.92,5.22
2,H,SI1,65.1,56,14430,7.86,7.77,5.09
0.4,D,SI1,65.1,55,644,4.63,4.68,3.03
2.03,H,SI1,65.4,58,14646,7.91,7.88,5.16
2.5,J,SI2,66.9,58,14652,8.36,8.22,5.55
2.03,G,SI2,64.9,59,14687,7.85,7.99,5.14
2.06,J,VS1,64.6,58,14750,7.91,8.04,5.15
2.01,G,SI2,63.8,59,14799,7.77,7.87,4.99
1.7,G,VS2,64.5,58,14860,7.51,7.43,4.82
2.01,E,SI2,62.1,66,14948,7.99,7.92,4.94
2.43,G,SI2,64.5,57,14975,8.41,8.36,5.41
2.48,I,SI2,56.7,66,15030,8.88,8.64,4.99
1.51,D,VS2,66,57,15152,7.17,7.08,4.7
2.11,I,SI1,67.2,60,15282,7.86,7.8,5.26
2,E,SI1,65.7,60,15330,7.7,7.8,5.09
2,F,SI2,70.2,57,15351,7.63,7.59,5.34
2,E,SI2,59.9,61,15540,8.16,8.04,4.86
2,D,SI1,64.8,58,15540,7.98,7.89,5.14
2.01,G,SI2,65.6,56,15562,7.89,7.84,6.16
1.5,E,VS1,65.4,57,15584,7.14,7.07,4.65
2.01,D,SI2,59.4,66,15627,8.2,8.17,4.86
2.02,H,SI1,56.2,61,15695,8.8,8.33,4.81
2.01,I,VS2,66.3,57,15729,7.79,7.74,5.15
2,H,SI1,65.6,58,15762,7.92,7.76,5.15
2.52,J,SI2,65.1,56,15776,8.51,8.43,5.51
2.4,J,SI2,65.4,56,15824,8.35,8.29,5.44
2.1,F,SI2,64.7,61,15827,7.97,7.92,5.14
2.01,H,VS2,66.1,53,15888,7.82,7.92,5.2
3.4,D,I1,66.8,52,15964,9.42,9.34,6.27
2.01,D,SI2,66.9,57,16086,7.87,7.76,5.23
2.03,F,SI1,65.4,58,16280,7.9,7.84,5.15
1.5,F,VVS2,64.7,53,16364,7.22,7.15,4.65
2.02,D,SI1,65,55,16386,7.94,7.84,5.13
2.1,F,SI2,59.5,69,16506,8.35,8.25,4.94
3,I,SI2,64.8,59,16970,8.93,8.73,5.72
2.6,G,SI2,64.6,57,17027,8.6,8.55,5.54
2.53,H,SI2,64.6,59,17103,8.54,8.45,5.4
4.13,H,I1,64.8,61,17329,10,9.85,6.43
2.5,F,SI2,65.8,58,17405,8.38,8.31,5.49
2.05,I,VS1,67.7,58,17408,7.74,7.68,5.22
1.99,H,VS2,60.5,63,17713,8.2,8.11,4.93
2.01,G,VS2,67.5,55,17917,7.7,7.79,5.23
1.93,F,VS1,58.9,62,17995,8.17,7.97,4.75
5.01,J,I1,65.5,59,18018,10.74,10.54,6.98
2.32,H,SI1,62,62,18026,8.47,8.31,5.2
3.01,I,SI2,65.8,56,18242,8.99,8.94,5.9
3.01,I,SI2,65.8,56,18242,8.99,8.94,5.9
2.51,H,SI2,64.7,57,18308,8.44,8.5,5.48
2,G,VS2,67.6,58,18515,7.65,7.61,5.16
4.5,J,I1,65.8,58,18531,10.23,10.16,6.72
2.02,H,VS2,64.5,57,18565,8,7.95,5.14
2.01,G,SI1,70.6,64,18574,7.43,6.64,4.69
0.41,H,SI1,65.4,61,659,4.51,4.63,2.99
0.3,F,VS2,64.5,55,662,4.31,4.19,2.74
0.25,E,VS1,55.2,64,361,4.21,4.23,2.33
0.3,G,VS1,64.4,61,673,4.2,4.16,2.69
0.42,D,SI1,64.7,61,675,4.7,4.73,3.05
0.33,F,VVS2,65.7,54,693,4.37,4.3,2.85
0.31,G,VS1,64.6,55,695,4.31,4.26,2.77
0.5,G,I1,64.6,60,701,5.04,4.96,3.23
0.4,H,VS2,65.1,59,704,4.58,4.63,3
0.5,F,I1,63.8,58,713,5.08,4.97,3.21
0.47,F,SI2,67.6,57,719,4.81,4.72,3.23
0.4,G,VS2,64.6,55,722,4.62,4.64,2.99
0.5,G,I1,64.9,57,727,5.01,4.97,3.24
0.5,G,I1,65.2,56,727,4.95,4.89,3.21
0.3,F,VS2,56.3,64,729,4.44,4.39,2.5
0.41,I,VS1,65.3,58,735,4.62,4.66,3.03
0.35,E,VVS2,66.2,61,738,4.4,4.36,2.9
0.35,E,VVS2,66.2,58,738,4.41,4.35,2.9
0.31,F,VVS1,63.1,61,740,4.32,4.37,2.74
0.3,F,VVS2,65.5,61,743,4.19,4.15,2.73
0.45,G,SI1,68.6,57,756,4.73,4.5,3.19
0.31,F,VVS2,56.9,59,757,4.45,4.48,2.54
0.23,G,VVS2,61.4,66,369,3.87,3.91,2.39
0.27,E,VS1,66.4,58,371,3.99,4.02,2.66
0.3,D,VVS2,65.2,59,772,4.2,4.18,2.73
0.3,F,VS2,65.4,55,776,4.25,4.22,2.77
0.3,G,VVS1,58.6,66,790,4.36,4.41,2.57
0.45,F,SI1,66.8,59,794,4.79,4.63,3.16
0.45,F,SI1,57.9,66,794,5.08,4.98,2.91
0.4,G,VS1,57.1,64,798,4.88,4.9,2.79
0.3,E,VS1,64.5,56,799,4.26,4.2,2.73
0.36,F,VS1,55.3,67,810,4.79,4.72,2.63
0.4,E,VS2,64.7,58,813,4.63,4.67,3.01
0.31,E,VS2,54.2,63,814,4.61,4.51,2.47
0.34,F,VS2,64.7,55,816,4.52,4.41,2.89
0.41,E,SI2,64.7,55,818,4.7,4.67,3.03
0.3,G,VVS2,64.4,58,819,4.21,4.17,2.7
0.5,F,I1,57.5,66,827,5.3,5.17,3.01
0.47,E,SI1,65.2,59,828,4.75,4.82,3.12
0.47,E,SI1,67.9,56,829,4.84,4.65,3.24
0.46,H,VS2,65.6,58,830,4.8,4.84,3.16
0.41,G,VVS2,64.7,56,833,4.68,4.72,3.04
0.4,G,SI1,64.7,55,840,4.68,4.65,3.02
0.5,E,SI2,58,67,851,5.26,5.17,3.02
0.46,I,VS2,66.8,55,855,4.82,4.77,3.2
0.4,F,SI1,64.7,58,857,4.67,4.63,3.01
0.5,E,SI2,68.6,56,871,4.87,4.75,3.3
0.32,D,VVS1,62.4,61,875,4.38,4.44,2.75
0.58,F,I1,65.8,56,893,5.23,5.12,3.41
0.58,F,I1,66.3,55,893,5.18,5.1,3.41
0.59,G,I1,64.6,56,903,5.26,5.2,3.38
0.48,E,SI2,55.2,60,907,5.29,5.25,2.91
0.46,G,SI1,63.4,68,911,4.88,4.8,3.07
0.47,I,VS2,57.1,61,919,5.11,5.15,2.93
0.33,H,VVS2,65.1,59,922,4.4,4.32,2.84
0.45,F,VS2,67,56,923,4.77,4.7,3.17
0.5,F,SI2,65.8,57,938,4.97,4.83,3.23
0.3,E,VVS2,51,67,945,4.67,4.62,2.37
0.45,F,VS1,66.9,54,945,4.85,4.75,3.21
0.7,F,I1,63.9,59,945,5.64,5.5,3.57
0.5,E,SI2,64.7,57,945,4.98,4.88,3.19
0.5,J,VS1,66.8,57,949,4.89,4.84,3.25
0.45,E,VS2,65.8,58,951,4.81,4.74,3.14
0.7,G,I1,67.3,57,956,5.53,5.38,3.68
0.7,G,I1,67.3,59,956,5.51,5.45,3.69
0.7,G,I1,65.2,58,956,5.57,5.49,3.61
0.7,G,I1,64.3,62,956,5.59,5.49,3.57
0.7,G,I1,66.7,55,956,5.64,5.49,3.71
0.4,G,SI1,59.9,67,960,4.81,4.77,2.87
0.5,I,VS1,66.9,56,969,4.85,4.81,3.23
0.46,I,VS1,65.6,57,972,4.85,4.82,3.17
0.52,F,SI2,56.3,59,975,5.41,5.35,3.03
0.7,G,I1,68.3,56,978,5.52,5.4,3.73
0.45,E,VS2,66.9,60,980,4.78,4.71,3.18
0.46,F,VS2,66,58,982,4.9,4.76,3.19
0.43,H,SI1,62.7,66,984,4.78,4.72,2.98
0.46,F,SI1,66.3,56,984,4.86,4.79,3.2
0.7,F,I1,65.4,59,992,5.6,5.49,3.63
0.7,F,I1,70.8,56,992,5.38,5.33,3.79
0.7,F,I1,66.5,62,992,5.54,5.49,3.67
0.48,F,SI1,56.4,59,994,5.28,5.26,2.97
0.5,F,SI1,66.5,59,994,5.01,4.91,3.3
0.5,F,SI1,65.1,59,994,5.01,4.92,3.23
0.51,J,VS2,65.3,55,996,4.97,4.96,3.24
0.31,D,VVS2,54.2,65,997,4.61,4.58,2.49
0.7,G,I1,66.9,55,1001,5.6,5.52,3.72
0.46,G,VS2,65.3,56,1002,4.83,4.76,3.13
0.46,F,SI1,64.9,58,1003,4.81,4.77,3.11
0.35,F,VVS1,54.6,59,1011,4.85,4.79,2.63
0.35,D,VVS2,53.2,62,1011,4.87,4.8,2.57
0.34,E,VVS1,54,56,1012,4.8,4.76,2.58
0.25,F,SI2,54.4,64,1013,4.3,4.23,2.32
0.7,I,I1,66.3,63,1014,5.58,5.43,3.66
0.45,G,VS1,66.3,56,1027,4.82,4.65,3.14
0.52,J,VS2,65.3,56,1030,5.05,5,3.28
0.5,F,SI2,65.5,54,1031,5.06,4.92,3.25
0.5,F,SI2,65.5,54,1031,5.06,4.92,3.25
0.5,G,VS2,65.7,57,1031,4.97,4.9,3.24
0.6,E,SI2,66.5,56,1033,5.31,5.21,3.5
0.5,G,SI2,65.6,56,1035,4.99,4.92,3.25
0.46,G,VS1,58,66,1035,5.08,5.03,2.93
0.45,F,VS2,64.2,58,1037,4.9,4.75,3.1
0.34,F,VVS1,55.2,59,1040,4.72,4.77,2.62
0.73,I,I1,70.8,55,1049,5.51,5.34,3.84
0.39,E,VS2,65.4,57,1049,4.61,4.54,2.99
0.5,G,SI1,65,59,1050,4.99,4.97,3.24
0.51,F,SI1,65.6,54,1052,5.07,5.02,3.31
0.7,H,I1,66.5,57,1058,5.51,5.4,3.64
0.59,H,SI2,64.5,57,1059,5.37,5.16,3.42
0.7,J,I1,64.7,59,1066,5.59,5.5,3.59
0.4,E,VVS2,57.3,60,1069,4.84,4.89,2.79
0.7,G,I1,60.4,58,1069,5.74,5.68,3.45
0.7,G,I1,67.5,55,1069,5.59,5.37,3.71
0.7,G,I1,62.5,59,1069,5.65,5.48,3.48
0.5,F,SI1,64.7,60,1069,4.99,4.84,3.18
0.46,E,VS2,66.8,61,1070,4.84,4.71,3.2
0.51,G,SI1,65.2,55,1071,5.04,5.02,3.28
0.47,E,VS2,56.3,64,1075,5.19,5.14,2.91
0.5,H,SI1,62.3,60,1078,5.09,5.06,3.16
0.45,F,VS2,64.3,59,1080,4.8,4.75,3.07
0.47,G,SI1,58.4,60,1086,5.16,5.12,3
0.7,F,I1,66.2,59,1087,5.59,5.4,3.65
0.58,F,SI2,64.7,56,1088,5.31,5.24,3.41
0.41,D,VVS2,64.5,57,1089,4.68,4.65,3.01
0.7,G,I1,68.6,59,1092,5.45,5.31,3.7
0.5,H,SI1,64.9,54,1094,5.01,4.98,3.24
0.5,E,SI1,66.5,58,1098,4.87,4.9,3.25
0.62,J,SI1,65.4,59,1101,5.39,5.28,3.49
0.45,F,VS2,65.8,55,1102,4.81,4.73,3.14
0.5,G,SI1,67.1,59,1103,4.96,4.84,3.29
0.73,H,I1,66.2,56,1104,5.62,5.46,3.69
0.43,E,VS2,60.5,59,1107,4.92,4.9,2.97
0.51,D,SI2,66.5,58,1109,4.95,4.89,3.27
0.5,E,SI2,59.8,66,1114,5.18,5.09,3.07
0.54,F,SI1,61.4,66,1114,5.24,5.18,3.2
0.5,E,SI1,65.1,58,1114,5.04,4.94,3.25
0.7,G,I1,64.6,59,1115,5.64,5.48,3.6
0.5,H,VS2,62.4,69,1122,5.07,4.99,3.14
0.39,G,IF,57.1,61,1127,4.83,4.88,2.77
0.57,F,SI1,65.8,58,1133,5.2,5.1,3.39
0.7,F,I1,64.9,59,1134,5.58,5.53,3.61
0.5,H,VS1,67.1,58,1134,4.94,4.89,3.3
0.5,H,VS1,66.6,58,1134,4.95,4.84,3.26
0.5,E,SI1,65.3,58,1134,4.99,4.91,3.23
0.5,H,VS1,66.3,55,1136,4.86,4.91,3.24
0.7,G,I1,65.3,59,1138,5.5,5.47,3.58
0.7,H,I1,62.1,66,1138,5.56,5.52,3.44
0.76,H,I1,64.5,57,1140,5.79,5.76,3.73
0.5,E,SI2,65.2,57,1141,4.96,4.91,3.22
0.7,I,I1,68.6,57,1147,5.46,5.34,3.71
0.72,G,I1,65.1,57,1147,5.65,5.55,3.65
0.3,F,SI1,63.1,58,496,4.3,4.22,2.69
0.34,J,SI1,64.5,57,497,4.38,4.36,2.82
0.5,H,VS1,66.5,60,1155,4.93,4.85,3.25
0.5,F,SI2,61.1,67,1156,5.07,5.04,3.09
0.58,D,SI2,65.1,58,1156,5.25,5.22,3.41
0.7,F,I1,65.9,57,1158,5.64,5.5,3.67
0.73,F,I1,66.9,54,1158,5.62,5.54,3.74
0.51,G,SI1,64.5,56,1160,5.06,5.01,3.25
0.37,F,IF,52.3,61,1166,4.96,4.91,2.58
0.46,D,VS1,67.3,61,1166,4.81,4.71,3.21
0.61,J,VS2,58.2,56,1174,5.74,5.49,3.27
0.5,H,VS2,65.1,59,1175,5.02,5.06,3.28
0.73,I,I1,66.1,58,1175,5.63,5.5,3.68
0.56,F,SI1,61.6,61,1176,5.38,5.21,3.26
0.5,E,SI1,65,58,1176,4.98,4.9,3.21
0.5,F,SI1,64.7,57,1181,4.99,4.94,3.21
0.5,E,VS2,65,58,1188,4.96,4.92,3.21
0.51,F,SI1,65.2,57,1193,5.03,5.09,3.3
0.5,E,SI1,66.4,58,1196,4.98,4.87,3.27
0.6,G,SI1,65.7,55,1197,5.31,5.23,3.46
0.3,D,IF,60.5,57,1208,4.47,4.35,2.67
0.48,E,VS2,64.9,54,1215,4.94,4.92,3.2
0.5,F,VS2,64.9,58,1225,4.99,4.9,3.21
0.45,H,VVS2,65.8,56,1227,4.82,4.7,3.13
0.59,I,VS1,64.4,59,1229,5.29,5.21,3.38
0.8,E,I1,65.5,54,1232,5.84,5.68,3.78
0.51,H,VS1,55.5,64,1234,5.44,5.4,3.01
0.5,G,VS1,66.5,58,1234,4.99,4.9,3.29
0.63,H,SI2,64.7,61,1235,5.33,5.27,3.43
0.51,E,SI1,64.8,58,1237,5.07,5.02,3.27
0.5,G,VS2,65.1,56,1238,5.02,4.99,3.26
0.5,E,SI1,61.7,68,1238,5.09,5.03,3.12
0.5,D,SI1,64.6,61,1238,5.05,4.95,3.23
0.49,D,VS2,57.5,68,1249,5.18,5.11,2.96
0.85,H,I1,66.9,54,1250,5.98,5.75,3.94
0.5,D,SI1,64.6,59,1253,4.93,4.95,3.19
0.5,G,VS1,65.7,63,1257,4.97,4.87,3.23
0.5,G,VS1,67.6,56,1257,5.02,4.89,3.35
1.03,E,I1,78.2,54,1262,5.72,5.59,4.42
0.5,G,VS1,64.9,57,1271,4.98,4.94,3.22
0.7,E,I1,66.1,58,1273,5.61,5.51,3.67
0.85,H,I1,71.2,54,1274,5.77,5.65,4.07
0.5,F,VS2,55.8,60,1279,5.31,5.27,2.95
0.5,G,VS1,67,61,1280,4.97,4.91,3.31
0.53,E,SI1,56.2,64,1286,5.43,5.41,3.05
0.56,H,VS2,52.7,70,1293,5.71,5.57,2.97
0.51,D,SI1,65.2,55,1304,5.05,5.01,3.28
0.6,G,SI1,64.5,56,1305,5.27,5.24,3.39
0.5,F,VS2,64.6,58,1323,5.01,4.99,3.23
0.5,D,SI1,65.1,58,1323,5,4.96,3.24
0.5,D,SI1,64.6,58,1323,5,4.97,3.22
0.5,D,SI1,65.7,56,1323,5.01,4.97,3.28
0.85,H,I1,61,61,1324,6.2,6,3.73
0.85,H,I1,66.7,59,1324,5.86,5.78,3.88
0.5,G,VS1,60.3,66,1327,5.13,5.09,3.08
0.5,H,VS2,56.3,65,1332,5.24,5.21,2.94
0.51,F,VS2,61,66,1334,5.12,5.04,3.1
0.85,J,I1,65.5,59,1334,5.95,5.82,3.86
0.89,H,I1,58.8,66,1334,6.21,6.09,3.62
0.51,E,SI1,55.8,61,1340,5.43,5.35,3.01
0.5,F,VS1,62.9,68,1348,5.02,4.96,3.14
0.5,G,VS1,65.8,57,1350,5.03,4.91,3.27
0.56,E,SI1,64.5,61,1358,5.22,5.09,3.33
0.71,J,SI2,66.1,58,1362,5.53,5.43,3.62
0.53,E,SI1,64.5,53,1363,5.16,5.15,3.33
0.5,G,VS1,66.8,56,1367,4.85,4.91,3.26
0.6,F,SI1,55.3,63,1367,5.67,5.61,3.12
0.48,G,VVS2,65,54,1367,4.95,4.9,3.2
0.5,G,VS1,65.9,57,1373,5,4.87,3.25
0.57,E,SI1,64.6,59,1383,5.22,5.18,3.36
0.56,E,SI2,64.5,61,1389,5.18,5.14,3.33
0.5,E,VS2,66.3,55,1397,4.98,4.94,3.29
0.5,E,VS2,64.9,56,1397,5.01,4.95,3.23
0.5,E,VS2,65.4,57,1397,5.01,4.81,3.21
0.52,I,VVS2,60.4,66,1401,5.26,5.2,3.16
0.53,F,VS2,65.5,58,1402,5.09,5.03,3.31
0.71,J,SI2,65.5,61,1409,5.54,5.49,3.61
0.62,D,SI2,64.6,57,1410,5.39,5.33,3.46
0.64,I,VS2,55.3,69,1411,5.85,5.69,3.19
0.35,G,VS2,65.9,54,1415,5.57,5.53,3.66
0.35,G,VS2,65.9,54,1415,5.57,5.53,3.66
0.7,G,SI2,69.3,60,1420,5.41,5.35,3.72
0.58,G,VS2,65,56,1430,5.23,5.17,3.38
0.5,D,VS2,66.9,57,1431,4.95,4.83,3.27
0.5,D,VS2,63.7,57,1431,5.05,4.9,3.17
0.62,E,SI2,58.2,60,1435,5.7,5.51,3.26
0.71,J,VS2,64.9,54,1435,5.63,5.53,3.62
0.67,I,VS2,57.2,70,1436,5.82,5.75,3.31
0.61,I,VS2,57.4,60.9,1437,5.6,5.65,3.23
0.37,D,IF,61.2,57,1440,4.68,4.73,2.88
0.5,F,VS1,56.4,62,1446,5.31,5.22,2.97
0.97,G,I1,57.2,60,1547,6.59,6.36,3.72
0.7,F,SI2,66.4,56,1564,5.51,5.42,3.63
0.91,F,I1,67,62,1570,5.97,5.89,3.98
0.5,F,VS1,65,55,1577,5.01,4.96,3.24
0.51,F,VS2,56.3,61,1602,5.34,5.29,2.99
0.7,I,SI2,65.9,58,1625,5.46,5.5,3.61
0.73,F,SI2,64.7,56,1631,5.6,5.53,3.6
0.68,G,SI1,58,71,1633,5.85,5.7,3.35
0.96,H,I1,61.5,63,1637,6.22,6.06,3.78
0.62,F,SI1,55.1,66,1641,5.85,5.7,3.18
0.58,E,SI1,64.4,57,1641,5.26,5.24,3.38
0.67,F,SI1,56,67,1642,5.81,5.78,3.25
0.77,D,SI2,65.1,63,1651,5.71,5.65,3.7
0.85,G,I1,62.7,60,1651,6.05,5.96,3.77
0.65,I,VS2,65.1,55.6,1659,5.44,5.5,3.56
0.5,G,VVS2,66.1,62,1659,4.92,4.88,3.24
0.51,D,VS2,64.4,54,1668,5.06,5.03,3.25
0.7,J,VS2,64.6,58,1672,5.58,5.56,3.6
0.81,H,SI2,66.2,58,1687,5.78,5.74,3.81
0.71,G,SI2,65.6,56,1691,5.54,5.49,3.63
0.69,G,SI2,65.4,63,1691,5.49,5.43,3.57
0.7,J,VVS1,67.6,54,1691,5.56,5.41,3.71
0.69,I,VS1,57.9,63,1692,5.73,5.77,3.33
0.7,D,SI2,71.6,55,1696,5.47,5.28,3.85
0.7,I,SI1,65.8,57,1697,5.46,5.55,3.62
0.58,G,VS1,64.7,60,1701,5.23,5.28,3.41
0.49,E,VVS2,65.5,58,1705,4.91,4.86,3.2
0.96,H,I1,61.1,60,1705,6.26,6.07,3.77
0.96,H,I1,66.9,60,1705,6.15,6.04,4.09
0.51,E,VS2,65.5,51,1709,5.06,5.01,3.3
0.98,G,I1,69.7,58,1712,6.08,5.98,4.21
0.5,G,VVS2,64.9,58,1712,5,4.95,3.23
0.8,G,I1,64.5,57,1715,5.86,5.83,3.77
0.32,F,VS2,59.6,60,1715,4.42,4.34,2.61
0.7,I,SI1,65,56,1720,5.6,5.5,3.61
0.7,J,SI1,63,57,1723,5.55,5.6,3.51
0.7,E,SI2,58.7,68,1723,5.77,5.72,3.37
0.64,E,SI1,59.5,64,1733,5.65,5.39,3.31
0.56,E,VS2,64.7,60,1737,5.13,5.14,3.32
0.96,H,I1,64.3,59,1739,6.38,5.88,3.98
0.96,H,I1,69.2,56,1739,5.97,5.83,4.08
0.7,I,SI1,65.2,58,1749,5.6,5.56,3.64
0.98,G,I1,68,63,1749,6.13,6.02,4.13
0.9,H,I1,66.9,63,1758,6.04,5.91,4
0.63,H,VS1,57.3,62.5,1760,5.65,5.7,3.25
0.72,J,SI2,66.1,55,1762,5.51,5.56,3.66
0.7,D,SI2,67.8,58,1770,5.51,5.44,3.71
0.96,H,I1,68.9,59,1773,6.09,5.96,4.15
0.29,F,SI1,55.8,60,1776,4.48,4.41,2.48
0.53,E,VS1,62.3,67,1778,5.22,5.11,3.22
0.52,F,VS1,57.2,59,1784,5.35,5.39,3.07
1,J,I1,65,59,1784,6.27,6.17,4.05
0.9,I,I1,67.2,60,1786,5.96,5.88,3.98
0.97,F,I1,68.5,54,1787,6.26,6.05,4.22
0.57,F,VS1,64.5,61,1788,5.23,5.19,3.36
0.99,J,I1,73.6,60,1789,6.01,5.8,4.35
0.5,G,VVS2,62.9,67,1791,5.02,4.96,3.14
0.5,D,VVS1,65.9,64,1792,4.92,5.03,3.28
0.7,F,SI2,64.8,57,1792,5.65,5.59,3.64
0.72,H,SI2,66,60,1799,5.58,5.51,3.66
0.72,I,SI1,64.8,54,1799,5.69,5.67,3.68
0.73,J,VS1,64.6,60,1802,5.68,5.59,3.64
0.7,H,SI1,65,59,1803,5.54,5.5,3.59
1,I,I1,68.6,56,1805,6.2,6.08,4.22
0.7,D,SI2,65.5,57,1806,5.56,5.43,3.6
0.7,H,SI1,64.8,57,1808,5.49,5.59,3.59
0.96,H,I1,60.1,62,1808,6.21,6,3.68
0.96,H,I1,67.4,62,1808,6.13,5.96,4.08
0.7,H,VS1,67.2,55,1811,5.48,5.54,3.7
0.7,I,VS2,66.1,56,1814,5.53,5.48,3.64
0.56,F,VS2,57,67,1814,5.49,5.36,3.09
0.37,F,SI1,65.3,56,527,4.53,4.47,2.94
0.71,J,VS2,64.4,56,1826,5.64,5.6,3.62
0.75,J,SI1,55,66,1827,6.2,6.04,3.37
0.71,H,SI1,65.9,57,1828,5.54,5.48,3.63
0.7,E,SI2,70.6,56,1828,5.45,5.35,3.81
0.71,H,VS2,62.1,70,1832,5.67,5.6,3.5
0.7,H,SI1,66,56,1840,5.5,5.53,3.64
0.71,I,VS2,61.6,67,1840,5.76,5.61,3.5
0.7,I,SI1,62,67,1848,5.54,5.5,3.42
0.52,G,IF,65.5,55,1849,4.98,5.06,3.29
0.7,H,SI1,65.5,57,1865,5.59,5.55,3.65
0.7,H,SI1,65.3,55,1865,5.58,5.54,3.63
0.74,E,I1,58.2,65,1865,6.03,5.89,3.47
0.75,J,VS1,61.9,67,1869,5.8,5.7,3.56
0.65,F,VS2,58.3,64,1881,5.7,5.62,3.3
0.5,E,VS1,55.3,65,1890,5.35,5.31,2.95
0.73,I,SI2,61.3,67,1892,5.77,5.64,3.51
0.7,D,SI1,52.2,65,1895,6.04,5.99,3.14
0.7,J,VS2,67.4,58,1896,5.34,5.37,3.61
0.99,J,I1,62.9,58,1901,6.33,6.1,3.91
0.57,F,VVS2,65.2,56.2,1902,5.19,5.23,3.4
0.7,G,SI1,68.4,58,1915,5.59,5.55,3.61
0.96,F,I1,62.9,66,1917,6.29,6.07,3.91
0.7,F,SI2,58.2,66,1920,5.77,5.74,3.35
0.98,G,I1,58.7,57,1932,6.54,6.43,3.8
0.98,G,I1,67.3,60,1932,6.17,6.11,4.14
0.9,G,I1,65.1,58,1939,6.05,5.99,3.92
0.54,F,SI1,64.8,59,1944,5.11,5.05,3.29
0.75,J,VS2,59.1,66,1944,5.99,5.82,3.49
0.7,F,SI2,64.6,57,1947,5.6,5.57,3.61
0.7,G,SI1,66,53,1949,5.53,5.47,3.63
0.5,E,VS1,56.1,64,1950,5.31,5.28,2.97
0.63,E,SI1,64.6,57.7,1952,5.36,5.41,3.47
1,G,I1,67.3,57,1954,6.26,6.12,4.18
0.77,J,SI1,60.2,66,1956,5.97,5.81,3.55
0.74,H,SI2,62,53,1962,5.85,5.74,3.6
0.7,F,SI1,65.3,54,1974,5.58,5.54,3.63
0.5,D,VVS2,67.6,57,1980,4.95,4.84,3.31
0.7,H,VS2,57,58,1981,5.87,5.89,3.35
0.7,H,VS2,64.9,56,1981,5.49,5.51,3.57
0.74,J,VS1,58.8,68,1982,5.91,5.8,3.44
0.7,G,SI1,65,59,1982,5.57,5.5,3.6
0.7,F,SI2,57.1,64,1990,5.81,5.86,3.33
0.71,G,SI2,65.6,61,1994,5.46,5.37,3.55
0.7,H,SI1,61,66,1995,5.68,5.64,3.45
0.7,G,SI1,61.6,66,1995,5.62,5.57,3.45
0.7,I,VS2,64.4,55,1996,5.6,5.55,3.59
1,I,I1,66.9,57,1997,6.15,6.03,4.09
0.7,E,SI2,64.4,58,1998,5.58,5.51,3.57
0.7,E,SI2,65.3,56,1998,5.57,5.54,3.63
0.7,G,SI2,61.5,66,1999,5.55,5.6,3.43
0.7,E,SI1,57.2,66,2000,5.76,5.74,3.29
0.3,D,SI2,64.6,54,536,4.29,4.25,2.76
0.71,E,SI2,64.8,63,2002,5.63,5.51,3.61
0.77,J,VS1,61.2,66,2005,5.92,5.83,3.6
0.63,E,VS2,65.7,60,2011,5.41,5.31,3.52
0.7,G,SI1,64.8,59,2016,5.65,5.56,3.63
0.81,F,SI2,65.7,57,2031,5.8,5.75,3.79
0.73,G,SI1,65.5,56,2032,5.68,5.62,3.7
0.7,F,SI2,64.9,58,2035,5.46,5.59,3.59
1,I,I1,64.5,58,2035,6.33,6.1,4.01
1.01,E,I1,64.5,54,2036,6.31,6.22,4.03
1.04,I,I1,67.3,56,2037,6.34,6.23,4.22
0.71,G,SI1,65,58,2045,5.57,5.53,3.61
0.7,H,SI1,65.5,57,2048,5.53,5.59,3.64
0.7,H,SI1,65.2,58,2048,5.49,5.55,3.6
0.71,H,SI1,65.1,55,2049,5.69,5.65,3.69
0.73,G,SI2,64.7,60,2050,5.68,5.64,3.66
0.7,H,SI1,64.7,58,2051,5.59,5.54,3.6
0.71,G,SI2,64.8,58,2055,5.6,5.57,3.62
0.74,G,SI1,64.8,59,2060,5.63,5.6,3.64
0.64,F,VS2,57,62.5,2063,5.67,5.78,3.26
0.96,G,I1,64.5,60,2068,6.16,6.11,3.96
0.74,E,SI1,66,56,2069,5.6,5.67,3.72
0.69,G,VS1,57.8,66,2070,5.9,5.84,3.39
0.7,F,SI2,65.3,55,2075,5.6,5.49,3.62
0.52,E,VVS2,57.2,64,2079,5.27,5.36,3.04
0.62,F,VS1,60,64,2083,5.69,5.48,3.36
0.71,D,SI1,55.5,62,2086,6,5.97,3.32
0.71,F,SI1,62.6,57,2088,5.73,5.68,3.57
0.62,F,VVS2,57.1,60,2088,5.65,5.7,3.24
0.7,E,SI2,64.6,53,2092,5.58,5.63,3.62
0.7,D,SI1,66,56,2093,5.45,5.52,3.62
0.7,H,VS1,62,73,2100,5.65,5.54,3.47
0.75,F,SI2,65.1,57,2102,5.7,5.66,3.7
0.71,F,SI2,65.2,55.5,2103,5.52,5.58,3.62
0.71,I,VS1,64.5,56,2104,5.61,5.56,3.6
0.71,H,SI1,65.1,56,2112,5.63,5.55,3.64
1,I,I1,65.4,57,2112,6.28,6.2,4.08
0.7,I,VS2,64.7,60,2117,5.55,5.49,3.57
0.7,G,SI2,65.2,56,2117,5.63,5.54,3.64
1,J,SI2,69.9,61,2117,6.13,5.86,4.23
0.7,I,VVS2,64.7,55,2117,5.62,5.51,3.6
0.7,G,SI1,56.6,61,2120,5.86,5.95,3.34
0.7,F,SI1,66,56,2121,5.59,5.56,3.68
0.72,E,SI2,68.4,64,2125,5.38,5.32,3.66
0.7,E,SI1,65.1,56,2125,5.49,5.41,3.55
0.91,I,SI2,65,58,2129,6.05,6.02,3.92
0.72,I,VVS2,65.7,57,2131,5.56,5.64,3.68
0.83,H,SI2,65.1,59,2133,5.84,5.81,3.79
1.04,F,I1,65.4,60,2134,6.39,6.3,4.15
0.9,E,I1,59.9,66,2138,6.18,6.14,3.69
0.9,H,SI2,64.4,59,2138,6.03,5.99,3.87
0.52,F,IF,64.6,58,2144,5.04,5.17,3.3
0.73,D,SI2,65.5,60,2147,5.64,5.54,3.66
0.71,F,SI1,57,62,2149,5.84,5.87,3.34
0.7,G,SI1,63.1,57,2150,5.64,5.58,3.54
0.71,D,SI1,64.6,60,2151,5.55,5.6,3.6
0.7,H,VS1,64.9,56,2152,5.68,5.56,3.65
0.34,F,I1,55.8,62,2160,4.72,4.6,2.6
0.73,F,SI2,59.2,64,2164,5.92,5.83,3.48
0.73,F,SI2,53.4,65,2164,6.19,6.15,3.3
0.7,D,SI2,65.6,55,2167,5.59,5.5,3.64
0.7,F,SI1,65.9,59,2167,5.53,5.49,3.63
0.7,F,SI1,64.8,60,2167,5.57,5.54,3.6
0.7,D,SI2,64.5,60,2167,5.53,5.47,3.55
0.84,D,SI2,64.5,60,2167,5.92,5.84,3.79
0.6,G,VVS2,57.9,67,2167,5.66,5.47,3.23
0.7,H,SI1,64.5,59,2176,5.54,5.51,3.56
0.77,I,VS1,65.1,57,2184,5.65,5.77,3.72
0.58,E,VS1,57.9,56,2192,5.52,5.49,3.19
0.76,H,SI1,65.5,59,2193,5.75,5.66,3.74
0.74,H,VS1,66.3,63,2193,5.63,5.5,3.69
0.71,D,SI2,64.6,60,2198,5.62,5.59,3.62
0.71,F,SI1,57,68,2198,6.05,5.87,3.4
0.72,H,SI2,65.9,57,2203,5.6,5.54,3.67
0.71,I,VS2,64.7,60,2208,5.54,5.46,3.56
0.7,G,SI2,58.6,56,2208,5.8,5.74,3.38
0.47,D,IF,60.6,60,2211,5.09,4.98,3.05
0.7,I,VS1,60.2,66,2234,5.77,5.62,3.44
0.69,G,VS1,61.2,65.4,2235,5.58,5.64,3.42
1.06,I,I1,64.5,57,2239,6.47,6.33,4.13
0.7,E,SI1,66.7,59,2241,5.49,5.45,3.65
0.8,G,SI2,61.2,58,2246,5.96,5.93,3.64
0.7,G,VS1,68.5,58,2250,5.47,5.34,3.7
0.7,H,VS2,65,56,2268,5.6,5.5,3.61
0.7,G,VS2,57.3,63,2273,5.78,5.84,3.33
0.71,G,VS2,65.7,56,2274,5.51,5.54,3.63
0.73,H,VS2,65.9,55,2278,5.68,5.64,3.74
1,F,I1,68,57,2280,6.14,6.05,4.15
0.92,H,SI2,66.1,57,2283,6.22,6,4.05
1.01,G,I1,64.5,56,2287,6.32,6.26,4.06
0.7,G,VS1,65.2,57,2290,5.56,5.52,3.61
0.77,I,VVS2,59.2,66,2292,5.96,5.9,3.51
1.05,H,I1,61.8,57,2293,6.51,6.4,3.99
0.81,I,VS1,66.5,53,2297,5.76,5.83,3.86
0.71,G,SI1,65.5,55,2300,5.59,5.56,3.65
0.71,G,SI2,64.4,58,2300,5.59,5.56,3.59
0.81,F,SI2,68.8,79,2301,5.26,5.2,3.58
0.96,J,I1,59.5,60,2304,6.28,6.23,3.72
0.72,G,VS2,64.6,55,2306,5.66,5.71,3.67
0.9,G,I1,66,58,2310,5.96,5.88,3.91
0.78,F,SI2,64.6,53,2312,5.83,5.78,3.75
0.73,E,SI1,64.6,59,2317,5.69,5.64,3.66
0.8,G,SI2,64.6,55,2318,5.86,5.75,3.75
0.71,I,VS1,57.1,57,2318,5.87,5.9,3.36
0.7,E,SI1,65.2,58,2318,5.57,5.54,3.62
0.7,D,SI1,64.6,57,2318,5.6,5.57,3.61
0.95,J,I1,64.9,56,2322,6.17,6.12,3.99
1,G,SI2,70.2,58,2326,6,5.73,4.13
0.71,F,SI2,60.1,68,2327,5.8,5.72,3.46
0.76,H,SI1,61.9,70,2328,5.84,5.77,3.59
0.73,I,VS1,55.9,66,2330,6.11,6.01,3.39
0.89,I,VS1,68.2,65,2334,5.82,5.74,3.94
1.17,I,I1,64.5,59,2336,6.67,6.47,4.25
0.97,F,SI2,67.2,61,2338,6.09,6,4.06
0.7,G,VS2,65.3,57,2338,5.58,5.47,3.61
0.82,G,SI1,66.4,54,2339,5.87,5.82,3.88
0.7,D,SI1,66.5,55,2339,5.51,5.47,3.65
1.01,I,I1,56.1,63,2342,6.7,6.65,3.74
0.62,E,VS1,58.8,67,2344,5.66,5.57,3.29
0.73,I,VVS2,64.4,59,2351,5.65,5.62,3.63
0.7,H,VS2,67.8,56,2351,5.42,5.38,3.66
0.71,E,SI1,64.7,59,2352,5.61,5.58,3.62
0.71,D,SI1,65.1,59,2352,5.59,5.56,3.63
0.7,G,SI1,61.7,66,2352,5.7,5.58,3.48
0.7,D,SI1,64.9,64,2352,5.57,5.5,3.59
0.7,E,VS2,65.6,61,2352,5.62,5.47,3.64
0.97,I,I1,67.3,55,2357,6.08,6.02,4.07
0.7,D,SI2,58.1,60,2358,5.79,5.82,3.37
0.82,H,SI2,65.1,58,2358,5.86,5.81,3.8
0.84,I,VS2,65.1,57,2359,5.91,5.85,3.83
0.78,G,SI1,64.6,56,2359,5.86,5.79,3.76
0.79,G,SI1,65.3,76,2362,5.52,5.13,3.35
0.75,F,SI1,64.5,60,2363,5.65,5.54,3.61
0.72,D,SI1,65.6,60,2364,5.62,5.54,3.66
0.71,D,VS2,55.6,73,2368,6.01,5.96,3.33
0.7,F,VS2,65.5,57,2369,5.55,5.41,3.59
0.71,D,SI1,66.3,56,2372,5.61,5.49,3.68
1.07,G,I1,64.8,56,2375,6.53,6.43,4.2
0.9,H,SI2,66,63,2376,5.89,5.79,3.86
0.75,D,SI1,65.1,57,2376,5.64,5.6,3.66
1.2,I,I1,66.7,57,2376,6.57,6.05,4.37
1.2,I,I1,65.1,55,2376,6.65,6.59,4.31
1.2,G,I1,66.6,57,2376,6.57,6.5,4.34
0.9,G,SI2,65.4,57,2376,6.01,5.97,3.98
0.7,F,VS1,64.5,57,2381,5.65,5.58,3.62
0.7,F,VS1,67.8,60,2381,5.5,5.39,3.69
0.7,F,VS1,65.8,59,2381,5.58,5.48,3.64
0.7,G,VS1,56.2,65,2384,5.93,5.88,3.32
0.7,G,VS1,65.8,61,2384,5.61,5.46,3.64
0.7,G,VS1,65.6,60,2384,5.57,5.5,3.63
0.83,G,SI2,64.4,57,2386,5.93,5.86,3.8
0.91,J,SI1,66.3,56,2390,5.92,5.99,3.95
0.7,F,SI2,65.1,52,2394,5.64,5.57,3.65
0.7,H,VS1,59.6,66,2395,5.8,5.74,3.44
1.05,I,I1,61.8,66,2396,6.48,6.37,3.97
1.21,I,I1,65,58,2396,6.65,6.59,4.3
0.72,G,VS1,66.4,57,2396,5.6,5.51,3.69
1,G,I1,64.9,56,2398,6.2,6.14,4.01
0.7,F,VS1,55.9,62,2399,5.94,5.83,3.29
0.8,G,SI2,67.1,56,2400,5.76,5.73,3.85
0.78,G,SI2,64.9,55.2,2401,5.75,5.82,3.76
0.73,G,VS2,60.1,65,2401,5.91,5.81,3.52
0.71,H,VS1,66.4,62,2401,5.54,5.49,3.66
0.81,I,VS2,64.6,59,2414,5.83,5.78,3.75
0.72,D,VS2,65.4,56,2414,5.68,5.6,3.69
0.7,H,VS1,65.8,56,2415,5.54,5.49,3.63
0.9,I,SI2,67.7,61,2422,6.04,5.86,4.03
0.56,E,VVS2,57.3,60,2426,5.5,5.57,3.17
0.7,E,VS2,65.7,55,2437,5.45,5.51,3.6
0.9,J,SI1,64.6,61,2438,5.92,5.87,3.81
0.96,G,SI2,72.2,56,2438,6.01,5.81,4.28
0.59,F,VS2,64.4,56,2443,5.31,5.28,3.41
0.71,F,SI1,59.8,70,2458,5.89,5.72,3.48
0.7,G,VS2,64.9,57,2479,5.55,5.54,3.6
0.6,F,VVS2,60.1,66,2484,5.48,5.44,3.28
0.91,D,I1,66.2,57,2491,6,5.94,3.95
0.85,I,SI1,65.8,65,2493,5.88,5.79,3.84
0.72,E,SI1,56.9,61,2498,5.91,5.97,3.38
0.7,H,VVS2,65.8,58,2500,5.49,5.42,3.59
0.82,F,SI2,56.7,70,2508,6.28,6.16,3.53
1.3,H,I1,64.4,57,2512,6.93,6.86,4.44
0.7,F,VS2,66.4,53,2516,5.51,5.49,3.65
0.96,J,SI1,67.3,56,2517,6.06,6.01,4.06
0.76,D,SI2,55.5,69,2518,6.16,6.07,3.39
1,H,SI2,67.8,53,2530,6.08,6.02,4.1
0.9,F,SI2,69,59,2536,5.89,5.82,4.04
0.9,J,SI2,66.6,54,2536,6.05,5.99,4.01
0.9,I,SI2,65.3,57,2536,5.98,5.93,3.89
0.97,J,SI2,60.8,67,2538,6.41,6.32,3.87
0.73,D,SI1,64.5,56,2539,5.7,5.65,3.66
0.96,G,SI2,66.8,61,2539,6.15,6.04,4.07
0.96,I,SI2,66.3,58,2540,6.07,5.9,3.97
0.88,I,VS2,57.4,67,2550,6.49,6.36,3.69
0.7,D,SI1,66.2,57,2550,5.56,5.41,3.63
0.7,G,VS1,57.1,62,2553,5.89,5.94,3.38
0.74,H,VS2,66.1,61,2553,5.6,5.57,3.69
0.7,D,VS2,65.2,59,2560,5.58,5.55,3.63
1.3,E,I1,66.5,58,2571,6.79,6.75,4.5
0.7,G,VS2,66.5,57,2575,5.4,5.46,3.61
0.83,I,VS2,64.9,58,2577,5.9,5.84,3.81
0.5,E,VS2,79,73,2579,5.21,5.18,4.09
0.5,E,VS2,79,73,2579,5.21,5.18,4.09
0.89,G,SI2,58.9,66,2579,6.26,6.16,3.66
0.77,H,VS1,64.6,56.4,2594,5.78,5.84,3.75
0.7,G,VVS2,64.5,61,2595,5.43,5.52,3.53
1.29,H,I1,67.7,62,2596,6.69,6.59,4.5
0.71,D,VS2,64.4,56,2596,5.63,5.58,3.61
0.74,F,VS2,64.6,55,2596,5.74,5.66,3.68
0.7,E,SI2,65,54,2600,5.56,5.52,3.6
0.72,H,VVS2,56.5,68,2608,6.03,5.89,3.37
0.74,E,SI2,66.7,62,2617,5.49,5.43,3.64
1.2,F,I1,65.7,56,2622,6.65,6.58,4.35
0.71,G,VS2,57,66,2623,5.83,5.81,3.32
0.9,E,SI2,64.4,58,2639,6.07,6.01,3.89
0.75,F,VS2,65.4,58,2648,5.63,5.68,3.7
1.2,G,I1,64.4,55,2655,6.77,6.61,4.31
0.7,G,VS2,64.4,56,2657,5.64,5.57,3.61
0.9,I,VS2,65.8,55,2666,6.05,6.01,3.97
0.96,H,SI2,67.6,63,2672,5.99,5.84,4.01
1.01,J,SI2,66.9,58,2683,6.13,6.07,4.08
0.71,G,VS1,65.5,55,2686,5.62,5.53,3.65
0.8,H,VS2,65.3,58,2686,5.78,5.73,3.76
0.72,E,VS2,64.4,59,2691,5.67,5.64,3.64
0.72,F,SI1,64.8,55,2691,5.64,5.6,3.64
0.9,G,SI1,72.9,54,2691,5.74,5.67,4.16
0.78,H,VS2,54.7,67,2691,6.25,6.15,3.4
0.7,E,VS2,60.6,64,2697,5.77,5.62,3.45
0.7,E,SI1,64.4,53,2697,5.61,5.57,3.6
0.76,H,VVS2,64.8,57,2699,5.67,5.81,3.71
0.75,F,SI1,64.6,57,2700,5.7,5.67,3.67
0.71,F,VS1,57.3,67,2707,5.96,5.76,3.36
0.7,G,VVS2,65.3,61,2710,5.58,5.48,3.61
0.7,H,VVS2,64.5,65,2717,5.52,5.45,3.54
1.05,H,SI2,64.8,55,2717,6.39,6.32,4.12
0.78,E,SI2,66.9,57,2721,5.7,5.66,3.6
1,G,I1,61.7,57,2723,6.39,6.28,3.91
0.84,G,VS1,55.6,64,2724,6.42,6.32,3.54
0.72,F,VS2,55.4,64,2724,6.06,5.97,3.34
0.9,I,VS1,68.7,62,2732,5.83,5.79,3.99
1,I,SI2,66.8,56,2743,6.22,6.12,4.13
1.04,G,SI2,65.2,57,2745,6.25,6.23,4.07
0.71,D,VS1,65.4,59,2747,5.62,5.58,3.66
